mean_fit_time,std_fit_time,mean_score_time,std_score_time,param_weights,param_p,param_n_neighbors,param_metric,param_leaf_size,param_algorithm,split0_test_score,split1_test_score,split2_test_score,split3_test_score,split4_test_score,mean_test_score,std_test_score,rank_test_score,Execution Time,Recall,Precision,Accuracy,F1,weights,p,n_neighbors,metric,leaf_size,algorithm
0.13072509765625,0.020409306892875727,20.862073516845705,0.9666774751283911,uniform,2,14,minkowski,33,brute,0.956564540484185,0.956127766263979,0.9577785640811952,0.9562479057183416,0.9585704834790485,0.9570578520053499,0.0009562330890056884,84,718.6430711746216,0.9701492537313433,0.970136097199792,0.9701492537313433,0.9700798425374865,uniform,2,14,minkowski,33,brute
0.39378819465637205,0.039860683515020943,3.6261199951171874,0.2274899868411589,distance,2,9,manhattan,29,kd_tree,0.9645829759634584,0.9638397934439161,0.9644225837024304,0.9641944765407143,0.9662131564583248,0.9646505972217689,0.0008201954656286416,9,718.6430711746216,0.9701492537313433,0.970136097199792,0.9701492537313433,0.9700798425374865,distance,2,9,manhattan,29,kd_tree
0.3632084369659424,0.029318030348201858,3.65282826423645,0.45230313156995544,uniform,1,16,chebyshev,22,auto,0.9522272000564965,0.9506942760148044,0.9521023431715219,0.9518331206193281,0.9518247368414362,0.9517363353407176,0.0005436873652411824,99,718.6430711746216,0.9701492537313433,0.970136097199792,0.9701492537313433,0.9700798425374865,uniform,1,16,chebyshev,22,auto
0.31719350814819336,0.042016652472046105,3.707212781906128,0.541014356344694,uniform,2,8,minkowski,36,auto,0.9593814271584123,0.9587704415346334,0.9604458866831503,0.9589320510587019,0.9609200319865865,0.9596899676842969,0.0008484851121824194,61,718.6430711746216,0.9701492537313433,0.970136097199792,0.9701492537313433,0.9700798425374865,uniform,2,8,minkowski,36,auto
0.024933815002441406,0.004305908742773091,47.95943937301636,3.1538848153186945,distance,2,14,manhattan,27,brute,0.9631923537823507,0.9620804300678639,0.9634931965509386,0.9623706712565818,0.9644921878577597,0.9631257679030989,0.0008566729969386593,25,718.6430711746216,0.9701492537313433,0.970136097199792,0.9701492537313433,0.9700798425374865,distance,2,14,manhattan,27,brute
0.20972490310668945,0.03323192374391295,31.944313097000123,0.898786078228512,uniform,1,12,manhattan,37,ball_tree,0.9607704174365362,0.9595758539104968,0.9613590813274984,0.9603630232392394,0.9617824905832258,0.9607701732993993,0.00076990505680805,50,718.6430711746216,0.9701492537313433,0.970136097199792,0.9701492537313433,0.9700798425374865,uniform,1,12,manhattan,37,ball_tree
0.26156249046325686,0.04819323492089207,25.154187440872192,1.2736368671823488,uniform,1,2,manhattan,35,ball_tree,0.9589106647893539,0.9573142178359886,0.9586877323240595,0.9578923732505368,0.9602897931017237,0.9586189562603324,0.0010111167083456762,75,718.6430711746216,0.9701492537313433,0.970136097199792,0.9701492537313433,0.9700798425374865,uniform,1,2,manhattan,35,ball_tree
0.02580537796020508,0.0052583086495332195,25.115061473846435,3.567109364999298,uniform,2,10,euclidean,29,brute,0.9584691950048853,0.9576913216934421,0.9597015154239918,0.9580671832839941,0.9599728910299781,0.9587804212872582,0.0009013441816995122,73,718.6430711746216,0.9701492537313433,0.970136097199792,0.9701492537313433,0.9700798425374865,uniform,2,10,euclidean,29,brute
0.25769333839416503,0.03608725930974342,1.9902703762054443,0.22222331747006835,distance,1,7,chebyshev,39,auto,0.9593608208750142,0.9591260430671739,0.9604359460603052,0.9595566045769897,0.961932475690113,0.9600823780539193,0.001025624757592636,57,718.6430711746216,0.9701492537313433,0.970136097199792,0.9701492537313433,0.9700798425374865,distance,1,7,chebyshev,39,auto
0.2682158946990967,0.0403859826759777,3.820072078704834,0.7610051849651706,uniform,2,13,chebyshev,32,kd_tree,0.953937669418245,0.9526075941881763,0.9545143992439509,0.9526497967626811,0.954635155996512,0.953668923121913,0.0008815552228138818,97,718.6430711746216,0.9701492537313433,0.970136097199792,0.9701492537313433,0.9700798425374865,uniform,2,13,chebyshev,32,kd_tree
0.22498393058776855,0.01731799409611835,2.745541477203369,0.2521581478623704,uniform,2,7,minkowski,33,auto,0.9601017887933626,0.9599642755754786,0.9602196388429177,0.9595573371343725,0.9629981646785025,0.9605682410049268,0.001235340525353592,51,718.6430711746216,0.9701492537313433,0.970136097199792,0.9701492537313433,0.9700798425374865,uniform,2,7,minkowski,33,auto
0.02967376708984375,0.00488141020507423,215.77255887985228,4.473431188748055,uniform,2,11,chebyshev,28,brute,0.9550423830180782,0.9544385085522964,0.9556420739220539,0.9533418727810068,0.9560564773964512,0.9549042631339774,0.0009538375661973618,93,718.6430711746216,0.9701492537313433,0.970136097199792,0.9701492537313433,0.9700798425374865,uniform,2,11,chebyshev,28,brute
0.21739420890808106,0.008995445570532343,1.5073770523071288,0.12007550759955717,distance,2,6,euclidean,25,kd_tree,0.9635606636520858,0.963405743125528,0.9644370650169284,0.9634645815500046,0.9671268326197721,0.9643989771928638,0.0014145688131029417,11,718.6430711746216,0.9701492537313433,0.970136097199792,0.9701492537313433,0.9700798425374865,distance,2,6,euclidean,25,kd_tree
0.22855806350708008,0.015628261681639468,85.77524743080139,4.324333542066514,distance,2,1,chebyshev,35,ball_tree,0.9593588799841675,0.9579026767131069,0.9584693847105156,0.9577111491503727,0.9610746951126234,0.9589033571341572,0.001227457773592691,70,718.6430711746216,0.9701492537313433,0.970136097199792,0.9701492537313433,0.9700798425374865,distance,2,1,chebyshev,35,ball_tree
0.2596113681793213,0.018234124594076185,1.7892531394958495,0.07095657932107327,distance,2,6,euclidean,30,kd_tree,0.9635606636520858,0.963405743125528,0.9644370650169284,0.9634645815500046,0.9671268326197721,0.9643989771928638,0.0014145688131029417,11,718.6430711746216,0.9701492537313433,0.970136097199792,0.9701492537313433,0.9700798425374865,distance,2,6,euclidean,30,kd_tree
0.2171936511993408,0.028644071885442688,29.07508978843689,1.291214516310255,uniform,2,1,euclidean,26,ball_tree,0.9602786232253387,0.9600123340244239,0.9619304360701063,0.9609431588419521,0.9636599746307475,0.9613649053585137,0.0013247260970475844,46,718.6430711746216,0.9701492537313433,0.970136097199792,0.9701492537313433,0.9700798425374865,uniform,2,1,euclidean,26,ball_tree
0.29111490249633787,0.04595626767987902,2.333436298370361,0.19988565586327353,distance,1,2,manhattan,25,auto,0.9615656174369408,0.9613337535551093,0.9630956102591242,0.9617490775019976,0.96540796766811,0.9626304052842564,0.0015180965707828056,32,718.6430711746216,0.9701492537313433,0.970136097199792,0.9701492537313433,0.9700798425374865,distance,1,2,manhattan,25,auto
0.32225351333618163,0.057489998418164046,3.9529351234436034,0.34611771172404593,distance,1,13,manhattan,22,auto,0.9631524015807298,0.9624081891235307,0.9635760498702491,0.9628171140076096,0.9645729884257039,0.9633053486015648,0.0007411950943650677,23,718.6430711746216,0.9701492537313433,0.970136097199792,0.9701492537313433,0.9700798425374865,distance,1,13,manhattan,22,auto
0.027684783935546874,0.005439645290287625,56.487222814559935,5.443797189826435,distance,1,14,minkowski,32,brute,0.9631923537823507,0.9620804300678639,0.9634931965509386,0.9623706712565818,0.9644921878577597,0.9631257679030989,0.0008566729969386593,25,718.6430711746216,0.9701492537313433,0.970136097199792,0.9701492537313433,0.9700798425374865,distance,1,14,minkowski,32,brute
0.27460370063781736,0.040782023926760565,2.0739014625549315,0.2696644935643852,distance,1,9,chebyshev,27,auto,0.9586255402623868,0.9586948185488343,0.9594604485663882,0.9580998099839161,0.9605850201086203,0.9590931274940292,0.0008630916352954888,68,718.6430711746216,0.9701492537313433,0.970136097199792,0.9701492537313433,0.9700798425374865,distance,1,9,chebyshev,27,auto
0.26518821716308594,0.05347312986788742,1.9994088172912599,0.2298659117555518,distance,2,8,chebyshev,36,auto,0.9596554613237599,0.9598301497937857,0.96077898625285,0.959322044673467,0.9613614933901132,0.960189627086795,0.0007599830379646495,54,718.6430711746216,0.9701492537313433,0.970136097199792,0.9701492537313433,0.9700798425374865,distance,2,8,chebyshev,36,auto
0.2571866512298584,0.033376829830244564,1.4869362831115722,0.22478950427656647,distance,2,3,minkowski,35,auto,0.9634252588664203,0.9634786746012742,0.963956715481126,0.9640699593831712,0.966437956212172,0.9642737129088326,0.0011115675523343154,13,718.6430711746216,0.9701492537313433,0.970136097199792,0.9701492537313433,0.9700798425374865,distance,2,3,minkowski,35,auto
0.23414764404296876,0.03808994481129242,36.68064260482788,5.003287088143952,uniform,1,6,euclidean,20,ball_tree,0.9598002164009622,0.9595927302404996,0.9610303831829273,0.9605303265033253,0.9633920171523582,0.9608691346960144,0.001362169050452081,49,718.6430711746216,0.9701492537313433,0.970136097199792,0.9701492537313433,0.9700798425374865,uniform,1,6,euclidean,20,ball_tree
1.1905888557434081,0.2173273138948125,18.45924973487854,0.8666424471066858,uniform,1,13,minkowski,34,kd_tree,0.9605764108790023,0.9593442158819527,0.9610050419688948,0.9596349189115035,0.9617568019987222,0.960463477928015,0.0008852107303078968,53,718.6430711746216,0.9701492537313433,0.970136097199792,0.9701492537313433,0.9700798425374865,uniform,1,13,minkowski,34,kd_tree
0.17361302375793458,0.06364386702937024,113.20374774932861,1.7624189559372547,distance,2,15,manhattan,25,brute,0.9623278925476928,0.961476489680566,0.963174276180551,0.962658403135988,0.9639238289572929,0.9627121781004181,0.0008196493687446315,29,718.6430711746216,0.9701492537313433,0.970136097199792,0.9701492537313433,0.9700798425374865,distance,2,15,manhattan,25,brute
0.14120373725891114,0.05337985760541739,109.09016404151916,2.8637533133074027,distance,1,3,minkowski,21,brute,0.9658443634296282,0.9649163932861646,0.9660003190731777,0.9649177708037571,0.967589992465725,0.9658537678116905,0.000978856798912667,4,718.6430711746216,0.9701492537313433,0.970136097199792,0.9701492537313433,0.9700798425374865,distance,1,3,minkowski,21,brute
1.2130559921264648,0.5005560563756779,18.791722583770753,0.7647528478574142,uniform,1,20,minkowski,39,auto,0.9585473781654203,0.9569567617072025,0.9579946228716261,0.9578904147119744,0.9593589378101162,0.9581496230532679,0.0007918059764634968,80,718.6430711746216,0.9701492537313433,0.970136097199792,0.9701492537313433,0.9700798425374865,uniform,1,20,minkowski,39,auto
0.9210387706756592,0.1207550346653604,38.17610573768616,3.6802427312740638,uniform,2,7,euclidean,27,ball_tree,0.9601017887933626,0.9599642755754786,0.9602196388429177,0.9595573371343725,0.9629981646785025,0.9605682410049268,0.001235340525353592,51,718.6430711746216,0.9701492537313433,0.970136097199792,0.9701492537313433,0.9700798425374865,uniform,2,7,euclidean,27,ball_tree
0.3136547565460205,0.23468035287056485,11.163566160202027,1.214383969833444,uniform,2,16,euclidean,39,kd_tree,0.9559503611714602,0.9546496232752233,0.9567595652461939,0.9549858960870572,0.9577073773349131,0.9560105646229695,0.0011265794893456354,89,718.6430711746216,0.9701492537313433,0.970136097199792,0.9701492537313433,0.9700798425374865,uniform,2,16,euclidean,39,kd_tree
0.09682245254516601,0.0834035726288186,127.98344821929932,5.874646755951696,distance,1,19,chebyshev,35,brute,0.9543454022922833,0.9534919427572681,0.9551528532306526,0.9547682247572508,0.9551558932168711,0.9545828632508652,0.000621949521625192,95,718.6430711746216,0.9701492537313433,0.970136097199792,0.9701492537313433,0.9700798425374865,distance,1,19,chebyshev,35,brute
0.2827637195587158,0.10274912422015542,1.768533420562744,1.193935462529833,distance,2,8,chebyshev,37,kd_tree,0.9596554613237599,0.9598301497937857,0.96077898625285,0.959322044673467,0.9613614933901132,0.960189627086795,0.0007599830379646495,54,718.6430711746216,0.9701492537313433,0.970136097199792,0.9701492537313433,0.9700798425374865,distance,2,8,chebyshev,37,kd_tree
0.17181644439697266,0.019447143871096344,1.0367574214935302,0.06299068820420983,distance,2,7,chebyshev,28,auto,0.9593608208750142,0.9591260430671739,0.9604359460603052,0.9595566045769897,0.961932475690113,0.9600823780539193,0.001025624757592636,57,718.6430711746216,0.9701492537313433,0.970136097199792,0.9701492537313433,0.9700798425374865,distance,2,7,chebyshev,28,auto
0.017819547653198244,0.00024249382912013234,15.374322032928466,0.25080197139221166,distance,2,8,minkowski,39,brute,0.9630827362572685,0.9624442636672167,0.9630826272224188,0.9627808685582052,0.9658133074995195,0.9634407606409259,0.0012094530483170074,21,718.6430711746216,0.9701492537313433,0.970136097199792,0.9701492537313433,0.9700798425374865,distance,2,8,minkowski,39,brute
0.19394068717956542,0.015855274247000416,0.9701118469238281,0.06871701011997826,distance,1,8,chebyshev,20,auto,0.9596554613237599,0.9598301497937857,0.96077898625285,0.959322044673467,0.9613614933901132,0.960189627086795,0.0007599830379646495,54,718.6430711746216,0.9701492537313433,0.970136097199792,0.9701492537313433,0.9700798425374865,distance,1,8,chebyshev,20,auto
0.17833690643310546,0.023624445686568313,2.777781105041504,0.5019595886770927,uniform,2,20,chebyshev,39,kd_tree,0.9503001164885845,0.9488226326873157,0.9504941768348196,0.9501935854678475,0.9503503476899297,0.9500321718336995,0.0006124570421756834,100,718.6430711746216,0.9701492537313433,0.970136097199792,0.9701492537313433,0.9700798425374865,uniform,2,20,chebyshev,39,kd_tree
0.18306994438171387,0.02674105032661066,1.7559679985046386,0.15882366444973758,distance,1,12,manhattan,29,auto,0.9634770629171563,0.963104779338986,0.9643923736100446,0.9628519998886756,0.9650617216940367,0.9637775874897798,0.0008278479162328834,20,718.6430711746216,0.9701492537313433,0.970136097199792,0.9701492537313433,0.9700798425374865,distance,1,12,manhattan,29,auto
0.018317413330078126,0.002424052884587611,15.192327117919922,0.6937906738524399,uniform,2,1,minkowski,25,brute,0.9602786232253387,0.9600123340244239,0.9619304360701063,0.9609431588419521,0.9636599746307475,0.9613649053585137,0.0013247260970475844,46,718.6430711746216,0.9701492537313433,0.970136097199792,0.9701492537313433,0.9700798425374865,uniform,2,1,minkowski,25,brute
0.16104254722595215,0.006322329087799998,1.185776948928833,0.041790626132348206,distance,2,15,minkowski,25,auto,0.959467608422527,0.959145960491942,0.960642361954284,0.9590213481621697,0.961551822124412,0.9599658202310669,0.0009783172487369811,59,718.6430711746216,0.9701492537313433,0.970136097199792,0.9701492537313433,0.9700798425374865,distance,2,15,minkowski,25,auto
0.017517232894897462,0.0012704956711825843,34.08853664398193,0.7936031680327708,uniform,2,10,manhattan,35,brute,0.9617194849110746,0.9602829939338308,0.9614325969250583,0.9608508591444996,0.9627202599135328,0.9614012389655994,0.0008240715943495549,44,718.6430711746216,0.9701492537313433,0.970136097199792,0.9701492537313433,0.9700798425374865,uniform,2,10,manhattan,35,brute
0.17297892570495604,0.004843710351820936,1.4749870300292969,0.08263198264969084,distance,2,17,minkowski,23,auto,0.95848655534816,0.9582513306735343,0.960074204999918,0.9586579872266183,0.9608594087226835,0.9592658973941829,0.0010196974028332374,64,718.6430711746216,0.9701492537313433,0.970136097199792,0.9701492537313433,0.9700798425374865,distance,2,17,minkowski,23,auto
0.18600931167602539,0.019638088397958567,3.624684762954712,0.8771085872405768,uniform,1,19,minkowski,35,kd_tree,0.9583615720338304,0.9571407655679368,0.9585467703450339,0.9586589672598919,0.9596671702716064,0.95847504909566,0.000806636510802845,77,718.6430711746216,0.9701492537313433,0.970136097199792,0.9701492537313433,0.9700798425374865,uniform,1,19,minkowski,35,kd_tree
0.19392046928405762,0.029867451597461285,66.65290637016297,5.3600382601966805,uniform,2,9,chebyshev,35,ball_tree,0.9554593707440897,0.9554065075913327,0.9564923882369816,0.954577093131536,0.9570889561558089,0.9558048631719498,0.0008839747694021768,92,718.6430711746216,0.9701492537313433,0.970136097199792,0.9701492537313433,0.9700798425374865,uniform,2,9,chebyshev,35,ball_tree
0.21695609092712403,0.026925980088121998,3.047116184234619,0.6382206837748203,uniform,1,10,euclidean,31,auto,0.9584691950048853,0.9576913216934421,0.9597015154239918,0.9580671832839941,0.9599728910299781,0.9587804212872582,0.0009013441816995122,73,718.6430711746216,0.9701492537313433,0.970136097199792,0.9701492537313433,0.9700798425374865,uniform,1,10,euclidean,31,auto
0.20382080078125,0.025517514382441132,3.228367471694946,0.7461199429446752,uniform,2,13,euclidean,32,auto,0.9568175270354654,0.9568279955080584,0.9577821339539591,0.9566182568199898,0.9591520809785222,0.9574395988591989,0.0009471599715492634,82,718.6430711746216,0.9701492537313433,0.970136097199792,0.9701492537313433,0.9700798425374865,uniform,2,13,euclidean,32,auto
0.20260419845581054,0.03337679047156049,74.12656154632569,3.1593249339320058,uniform,2,10,chebyshev,27,ball_tree,0.9550235813068817,0.9535937864556097,0.9555761856603696,0.953688058025494,0.9555082690304681,0.9546779760957647,0.0008684485825868484,94,718.6430711746216,0.9701492537313433,0.970136097199792,0.9701492537313433,0.9700798425374865,uniform,2,10,chebyshev,27,ball_tree
0.2228250026702881,0.03787744533104725,3.670366144180298,0.5741134829706268,uniform,2,6,manhattan,25,kd_tree,0.9635376404651411,0.9616080555976319,0.9625216144914437,0.9626683760759653,0.9645868266858514,0.9629845026632067,0.0010081876516325394,28,718.6430711746216,0.9701492537313433,0.970136097199792,0.9701492537313433,0.9700798425374865,uniform,2,6,manhattan,25,kd_tree
0.020197200775146484,0.00409937980770693,16.45197477340698,1.5786077522868969,distance,1,5,euclidean,28,brute,0.9623605619048481,0.9633242510308879,0.9643065814581917,0.9637845744722386,0.9665436596533798,0.9640639257039092,0.0013953183321192774,16,718.6430711746216,0.9701492537313433,0.970136097199792,0.9701492537313433,0.9700798425374865,distance,1,5,euclidean,28,brute
0.19439244270324707,0.048747380561225025,41.894142389297485,2.0394047790571417,distance,2,17,euclidean,33,ball_tree,0.95848655534816,0.9582513306735343,0.960074204999918,0.9586579872266183,0.9608594087226835,0.9592658973941829,0.0010196974028332374,64,718.6430711746216,0.9701492537313433,0.970136097199792,0.9701492537313433,0.9700798425374865,distance,2,17,euclidean,33,ball_tree
0.1924537181854248,0.0330148571363695,42.70569658279419,2.2492244083314334,uniform,1,19,manhattan,27,ball_tree,0.9583615720338304,0.9571407655679368,0.9585467703450339,0.9586589672598919,0.9596671702716064,0.95847504909566,0.000806636510802845,77,718.6430711746216,0.9701492537313433,0.970136097199792,0.9701492537313433,0.9700798425374865,uniform,1,19,manhattan,27,ball_tree
0.21024227142333984,0.05270282461244551,50.354332542419435,2.5204302385571355,distance,2,19,minkowski,32,ball_tree,0.95788206623177,0.9577997499083721,0.9590120665002634,0.9580471943001323,0.960206551737378,0.9585895257355832,0.0009177888625340635,76,718.6430711746216,0.9701492537313433,0.970136097199792,0.9701492537313433,0.9700798425374865,distance,2,19,minkowski,32,ball_tree
0.19014477729797363,0.009028544943582241,44.357568216323855,2.616050418627795,distance,1,4,euclidean,32,ball_tree,0.964212022897721,0.9639327002113992,0.9650794998438865,0.9644424439144254,0.9673570526268466,0.9650047438988556,0.0012355412036063503,8,718.6430711746216,0.9701492537313433,0.970136097199792,0.9701492537313433,0.9700798425374865,distance,1,4,euclidean,32,ball_tree
0.2514171600341797,0.03257879203887257,37.55928463935852,1.413197447062944,distance,1,9,manhattan,26,ball_tree,0.9645829759634584,0.9638397934439161,0.9644225837024304,0.9641944765407143,0.9662131564583248,0.9646505972217689,0.0008201954656286416,9,718.6430711746216,0.9701492537313433,0.970136097199792,0.9701492537313433,0.9700798425374865,distance,1,9,manhattan,26,ball_tree
0.270768928527832,0.03267310916268612,36.196912908554076,3.4512661663469903,distance,1,19,minkowski,31,ball_tree,0.9616824885329763,0.9606583060978341,0.9614894240023383,0.9613527821171121,0.9626896409415471,0.9615745283383615,0.0006558976825831918,42,718.6430711746216,0.9701492537313433,0.970136097199792,0.9701492537313433,0.9700798425374865,distance,1,19,minkowski,31,ball_tree
0.2438333511352539,0.024029669516412014,27.055008506774904,0.8382169696409146,uniform,1,15,manhattan,34,ball_tree,0.9597960123624807,0.9587440361190929,0.9602691221030297,0.9592719246751237,0.9608124953267926,0.959778718117304,0.0007262089106378506,60,718.6430711746216,0.9701492537313433,0.970136097199792,0.9701492537313433,0.9700798425374865,uniform,1,15,manhattan,34,ball_tree
0.02015719413757324,0.0018087361390142745,104.95876708030701,2.45766388886383,distance,1,15,chebyshev,34,brute,0.9559345933132894,0.954870279363837,0.9569969381587557,0.9564819117348741,0.957275103454354,0.956311765205022,0.0008539991179181605,87,718.6430711746216,0.9701492537313433,0.970136097199792,0.9701492537313433,0.9700798425374865,distance,1,15,chebyshev,34,brute
0.2699089050292969,0.04769410000861319,4.046418046951294,0.9357384105395178,uniform,1,14,euclidean,28,auto,0.956564540484185,0.956127766263979,0.9577785640811952,0.9562479057183416,0.9585704834790485,0.9570578520053499,0.0009562330890056884,84,718.6430711746216,0.9701492537313433,0.970136097199792,0.9701492537313433,0.9700798425374865,uniform,1,14,euclidean,28,auto
0.02137446403503418,0.004549537828384778,16.810456371307374,2.492897441135089,distance,1,17,euclidean,33,brute,0.95848655534816,0.9582513306735343,0.960074204999918,0.9586579872266183,0.9608594087226835,0.9592658973941829,0.0010196974028332374,64,718.6430711746216,0.9701492537313433,0.970136097199792,0.9701492537313433,0.9700798425374865,distance,1,17,euclidean,33,brute
0.022571277618408204,0.004120353386503007,106.3228136062622,3.4787155336299596,distance,2,15,chebyshev,30,brute,0.9559345933132894,0.954870279363837,0.9569969381587557,0.9564819117348741,0.957275103454354,0.956311765205022,0.0008539991179181605,87,718.6430711746216,0.9701492537313433,0.970136097199792,0.9701492537313433,0.9700798425374865,distance,2,15,chebyshev,30,brute
0.020285654067993163,0.003657243130504561,38.73625626564026,1.5908736717438001,uniform,2,8,manhattan,28,brute,0.9624695546666244,0.96106545820326,0.961641249786006,0.9616261829337053,0.9635885519386762,0.9620781995056543,0.000878090236632417,37,718.6430711746216,0.9701492537313433,0.970136097199792,0.9701492537313433,0.9700798425374865,uniform,2,8,manhattan,28,brute
0.021775341033935545,0.0035596098985483386,40.01021599769592,1.6748115379795905,distance,2,11,manhattan,33,brute,0.9636864693611868,0.9633862164174368,0.9642285063521739,0.9634725764393524,0.9653113508564406,0.9640170238853181,0.0007104385291268507,18,718.6430711746216,0.9701492537313433,0.970136097199792,0.9701492537313433,0.9700798425374865,distance,2,11,manhattan,33,brute
0.1766047954559326,0.016138635066403544,1.6432491779327392,0.23728829719605282,distance,2,7,manhattan,29,kd_tree,0.9651514227315567,0.9636992407709032,0.9646242309284322,0.9645564876172145,0.9671174256954668,0.9650297615487146,0.001142967354866895,7,718.6430711746216,0.9701492537313433,0.970136097199792,0.9701492537313433,0.9700798425374865,distance,2,7,manhattan,29,kd_tree
0.17427778244018555,0.00991009173410251,1.5268972396850586,0.044138632958518824,distance,2,10,chebyshev,33,kd_tree,0.9590033823705569,0.9579623186183425,0.9597947606033104,0.957732766000622,0.9606246237855602,0.9590235702756784,0.001090957851720542,69,718.6430711746216,0.9701492537313433,0.970136097199792,0.9701492537313433,0.9700798425374865,distance,2,10,chebyshev,33,kd_tree
0.13945298194885253,0.010333737410859275,29.42644419670105,3.03966228488934,uniform,2,12,euclidean,38,ball_tree,0.9571077194405591,0.957147547624483,0.9580636375289818,0.9574028303647727,0.9597277661464177,0.9578899002210427,0.0009806188869982571,81,718.6430711746216,0.9701492537313433,0.970136097199792,0.9701492537313433,0.9700798425374865,uniform,2,12,euclidean,38,ball_tree
0.22180914878845215,0.010572934052819996,67.1183762550354,8.50110420087105,uniform,2,17,chebyshev,25,ball_tree,0.9519859479052312,0.9509414686063337,0.9522668186070266,0.9519945479963242,0.9519977994149112,0.9518373165059654,0.00046034406970491513,98,718.6430711746216,0.9701492537313433,0.970136097199792,0.9701492537313433,0.9700798425374865,uniform,2,17,chebyshev,25,ball_tree
0.1992192268371582,0.016581406894225187,3.2177324295043945,0.08999374664055289,distance,1,16,manhattan,25,kd_tree,0.9621221470791672,0.9613501858513723,0.962842557820898,0.9621711627709364,0.9638790821883335,0.9624730271421414,0.0008471782807551594,35,718.6430711746216,0.9701492537313433,0.970136097199792,0.9701492537313433,0.9700798425374865,distance,1,16,manhattan,25,kd_tree
0.2159900188446045,0.03854567750345066,3.56242413520813,0.1740448802751329,uniform,1,9,minkowski,29,auto,0.962132648818259,0.9612289706230323,0.9620097829188144,0.961543465562208,0.9633464387674779,0.9620522613379585,0.0007238566881455016,39,718.6430711746216,0.9701492537313433,0.970136097199792,0.9701492537313433,0.9700798425374865,uniform,1,9,minkowski,29,auto
0.2241666316986084,0.02916603546828763,3.710147333145142,0.3071522741173767,distance,1,17,minkowski,24,auto,0.9618413364089703,0.9609418865041542,0.9623513559586916,0.9620480652194101,0.9632197961234465,0.9620804880429346,0.0007383834420858113,36,718.6430711746216,0.9701492537313433,0.970136097199792,0.9701492537313433,0.9700798425374865,distance,1,17,minkowski,24,auto
0.21585283279418946,0.021094772493675158,2.3488937854766845,0.16305351599287973,distance,2,6,manhattan,32,auto,0.9660949368565491,0.9650516188928387,0.9657790367992631,0.9660316392600212,0.9670692446327936,0.9660052952882932,0.0006482915076374024,2,718.6430711746216,0.9701492537313433,0.970136097199792,0.9701492537313433,0.9700798425374865,distance,2,6,manhattan,32,auto
0.02038540840148926,0.002941078641367832,15.81093111038208,0.3026443814574873,distance,2,5,minkowski,34,brute,0.9623605619048481,0.9633242510308879,0.9643065814581917,0.9637845744722386,0.9665436596533798,0.9640639257039092,0.0013953183321192774,16,718.6430711746216,0.9701492537313433,0.970136097199792,0.9701492537313433,0.9700798425374865,distance,2,5,minkowski,34,brute
0.021735525131225585,0.0035076666665201563,35.822645568847655,3.139470890772749,distance,1,5,minkowski,20,brute,0.9653918028328541,0.9650954738968232,0.9652002185458535,0.9660697562633986,0.9666028155490278,0.9656720134175913,0.0005758642498162484,5,718.6430711746216,0.9701492537313433,0.970136097199792,0.9701492537313433,0.9700798425374865,distance,1,5,minkowski,20,brute
0.19410672187805175,0.010387058763306253,1.9629235744476319,0.16272451547591163,distance,1,16,euclidean,23,auto,0.9591436061677977,0.9583707324694232,0.9605224598152022,0.9589904966731541,0.9611841162263758,0.9596422822703905,0.0010432934078793087,62,718.6430711746216,0.9701492537313433,0.970136097199792,0.9701492537313433,0.9700798425374865,distance,1,16,euclidean,23,auto
0.1515650272369385,0.010276402771620544,30.570383071899414,2.621352151680431,distance,1,14,manhattan,36,ball_tree,0.9631923537823507,0.9620804300678639,0.9634931965509386,0.9623706712565818,0.9644921878577597,0.9631257679030989,0.0008566729969386593,25,718.6430711746216,0.9701492537313433,0.970136097199792,0.9701492537313433,0.9700798425374865,distance,1,14,manhattan,36,ball_tree
0.14947619438171386,0.011758030569146566,22.195425939559936,1.7163055262373994,distance,1,2,minkowski,33,ball_tree,0.9615656174369408,0.9613337535551093,0.9630956102591242,0.9617490775019976,0.96540796766811,0.9626304052842564,0.0015180965707828056,32,718.6430711746216,0.9701492537313433,0.970136097199792,0.9701492537313433,0.9700798425374865,distance,1,2,minkowski,33,ball_tree
0.25963916778564455,0.04474051530635805,3.2698227882385256,0.3815467362521169,distance,1,15,minkowski,21,kd_tree,0.9623278925476928,0.961476489680566,0.963174276180551,0.962658403135988,0.9639238289572929,0.9627121781004181,0.0008196493687446315,29,718.6430711746216,0.9701492537313433,0.970136097199792,0.9701492537313433,0.9700798425374865,distance,1,15,minkowski,21,kd_tree
0.022117090225219727,0.004832506290143886,16.96391463279724,2.956300738176151,distance,2,17,euclidean,23,brute,0.95848655534816,0.9582513306735343,0.960074204999918,0.9586579872266183,0.9608594087226835,0.9592658973941829,0.0010196974028332374,64,718.6430711746216,0.9701492537313433,0.970136097199792,0.9701492537313433,0.9700798425374865,distance,2,17,euclidean,23,brute
0.17258043289184571,0.012714567636489283,39.65345602035522,1.981626951487145,distance,1,18,minkowski,24,ball_tree,0.9615516136635194,0.9607335569561996,0.9620657170017215,0.9613485473784155,0.9633877413104528,0.9618174352620616,0.0008936234172695556,40,718.6430711746216,0.9701492537313433,0.970136097199792,0.9701492537313433,0.9700798425374865,distance,1,18,minkowski,24,ball_tree
0.18509111404418946,0.019458656595227473,33.0685576915741,1.8622005922930467,uniform,1,4,manhattan,30,ball_tree,0.9629515367957416,0.9623635233415826,0.9639367537579102,0.9627003717994232,0.9647665338748901,0.9633437439139095,0.0008836943385358794,22,718.6430711746216,0.9701492537313433,0.970136097199792,0.9701492537313433,0.9700798425374865,uniform,1,4,manhattan,30,ball_tree
0.2675428867340088,0.035121897726070356,2.762828254699707,0.45066217067658637,uniform,2,8,chebyshev,20,kd_tree,0.9560198785014994,0.9548656116259627,0.9568097903802062,0.9548950463982222,0.9567147342868975,0.9558610122385576,0.0008459517919647634,91,718.6430711746216,0.9701492537313433,0.970136097199792,0.9701492537313433,0.9700798425374865,uniform,2,8,chebyshev,20,kd_tree
0.20201892852783204,0.015507623930388483,28.60514979362488,1.1772065241832308,distance,1,19,manhattan,21,ball_tree,0.9616824885329763,0.9606583060978341,0.9614894240023383,0.9613527821171121,0.9626896409415471,0.9615745283383615,0.0006558976825831918,42,718.6430711746216,0.9701492537313433,0.970136097199792,0.9701492537313433,0.9700798425374865,distance,1,19,manhattan,21,ball_tree
0.28101673126220705,0.040777609977001486,3.2545665740966796,0.11580022469484569,distance,2,19,chebyshev,37,auto,0.9543454022922833,0.9534919427572681,0.9551528532306526,0.9547682247572508,0.9551558932168711,0.9545828632508652,0.000621949521625192,95,718.6430711746216,0.9701492537313433,0.970136097199792,0.9701492537313433,0.9700798425374865,distance,2,19,chebyshev,37,auto
0.3139665126800537,0.06353011223393734,0.7675812721252442,0.0842981637280593,distance,1,1,chebyshev,20,auto,0.9593588799841675,0.9579026767131069,0.9584693847105156,0.9577111491503727,0.9610746951126234,0.9589033571341572,0.001227457773592691,70,718.6430711746216,0.9701492537313433,0.970136097199792,0.9701492537313433,0.9700798425374865,distance,1,1,chebyshev,20,auto
0.29613986015319826,0.07779456661033919,5.198252868652344,0.6079594228947407,distance,1,15,manhattan,33,auto,0.9623278925476928,0.961476489680566,0.963174276180551,0.962658403135988,0.9639238289572929,0.9627121781004181,0.0008196493687446315,29,718.6430711746216,0.9701492537313433,0.970136097199792,0.9701492537313433,0.9700798425374865,distance,1,15,manhattan,33,auto
0.3129275798797607,0.06487873706142544,2.4638789176940916,0.2732869235290764,distance,2,9,euclidean,23,auto,0.9621411105679819,0.9619651419766976,0.96234331065988,0.9621655860574698,0.9642934789661405,0.9625817256456338,0.000864225706628536,34,718.6430711746216,0.9701492537313433,0.970136097199792,0.9701492537313433,0.9700798425374865,distance,2,9,euclidean,23,auto
0.23391013145446776,0.038076829564919826,30.802915334701538,2.287248496135852,uniform,2,4,euclidean,36,ball_tree,0.9599067499072916,0.9605153959278822,0.9615635431324231,0.960368501677479,0.9623611703912825,0.9609430722072718,0.000892523258133682,48,718.6430711746216,0.9701492537313433,0.970136097199792,0.9701492537313433,0.9700798425374865,uniform,2,4,euclidean,36,ball_tree
0.2095280647277832,0.016796858136013868,17.80979652404785,1.335793470328918,distance,1,8,minkowski,23,ball_tree,0.9655241597535787,0.9637899167863722,0.9652805085242033,0.9649715274730418,0.9670355989783523,0.9653203423031098,0.001043945189459557,6,718.6430711746216,0.9701492537313433,0.970136097199792,0.9701492537313433,0.9700798425374865,distance,1,8,minkowski,23,ball_tree
0.33253254890441897,0.05755842648062303,4.110012197494507,0.49088395209511404,uniform,1,15,euclidean,23,auto,0.9564906771863939,0.9558108232222579,0.9570899851604476,0.9554869344766401,0.9583762922833461,0.9566509424658172,0.001025279511412446,86,718.6430711746216,0.9701492537313433,0.970136097199792,0.9701492537313433,0.9700798425374865,uniform,1,15,euclidean,23,auto
0.023156261444091795,0.0050031396150473535,41.51873106956482,6.110953359927641,distance,1,4,minkowski,35,brute,0.9663366057433201,0.9654465469299921,0.9669157492886234,0.9654953070447228,0.9683269484868269,0.9665042314986971,0.001063613435869684,1,718.6430711746216,0.9701492537313433,0.970136097199792,0.9701492537313433,0.9700798425374865,distance,1,4,minkowski,35,brute
0.020522642135620116,0.0037042788524360945,37.34736962318421,5.843467383744938,distance,2,6,manhattan,31,brute,0.9660949368565491,0.9650516188928387,0.9657790367992631,0.9660316392600212,0.9670692446327936,0.9660052952882932,0.0006482915076374024,2,718.6430711746216,0.9701492537313433,0.970136097199792,0.9701492537313433,0.9700798425374865,distance,2,6,manhattan,31,brute
0.020952558517456053,0.002570799853040511,38.76448907852173,4.624176905213755,uniform,1,10,minkowski,35,brute,0.9617194849110746,0.9602829939338308,0.9614325969250583,0.9608508591444996,0.9627202599135328,0.9614012389655994,0.0008240715943495549,44,718.6430711746216,0.9701492537313433,0.970136097199792,0.9701492537313433,0.9700798425374865,uniform,1,10,minkowski,35,brute
0.018616294860839842,0.0022244040555894113,102.85615968704224,4.092939091970632,distance,2,12,chebyshev,32,brute,0.9577747296001383,0.9571103477500099,0.959110344123524,0.9571623720997988,0.9595953021918037,0.9581506191530549,0.0010206146077383642,79,718.6430711746216,0.9701492537313433,0.970136097199792,0.9701492537313433,0.9700798425374865,distance,2,12,chebyshev,32,brute
0.020082664489746094,0.003058912575290566,40.66152358055115,3.9879119483704972,uniform,1,16,minkowski,35,brute,0.9592488953847006,0.9580673164913822,0.959634897591231,0.9594605858564347,0.9604639200596092,0.9593751230766717,0.0007728592433218487,63,718.6430711746216,0.9701492537313433,0.970136097199792,0.9701492537313433,0.9700798425374865,uniform,1,16,minkowski,35,brute
0.1758394718170166,0.016242679099255364,57.10269069671631,2.8643304041218323,distance,1,13,chebyshev,26,ball_tree,0.956908095098415,0.9565473691231595,0.9580135007971049,0.9564326465322908,0.9586615455683127,0.9573126314238566,0.0008757210382679402,83,718.6430711746216,0.9701492537313433,0.970136097199792,0.9701492537313433,0.9700798425374865,distance,1,13,chebyshev,26,ball_tree
0.2226269245147705,0.02354621156935349,3.344905948638916,0.6932653936617236,uniform,2,16,minkowski,33,kd_tree,0.9559503611714602,0.9546496232752233,0.9567595652461939,0.9549858960870572,0.9577073773349131,0.9560105646229695,0.0011265794893456354,89,718.6430711746216,0.9701492537313433,0.970136097199792,0.9701492537313433,0.9700798425374865,uniform,2,16,minkowski,33,kd_tree
0.16524915695190429,0.01989889637800146,26.71226830482483,1.6186117769670059,uniform,1,18,minkowski,28,ball_tree,0.9587137686114786,0.9574065081667757,0.9590217795331872,0.9586357110187967,0.9602582526053538,0.9588072039871184,0.0009112270349571175,72,718.6430711746216,0.9701492537313433,0.970136097199792,0.9701492537313433,0.9700798425374865,uniform,1,18,minkowski,28,ball_tree
0.02343721389770508,0.0038119376434866694,38.757526302337645,5.254857464771252,distance,2,18,manhattan,26,brute,0.9615516136635194,0.9607335569561996,0.9620657170017215,0.9613485473784155,0.9633877413104528,0.9618174352620616,0.0008936234172695556,40,718.6430711746216,0.9701492537313433,0.970136097199792,0.9701492537313433,0.9700798425374865,distance,2,18,manhattan,26,brute
0.15266809463500977,0.01684222146023042,27.2978196144104,4.071845703813253,distance,1,7,euclidean,38,ball_tree,0.9624651033495147,0.9626447059443823,0.9629904307918891,0.9623650139371277,0.9656492128920234,0.9632228933829875,0.001231711720233979,24,718.6430711746216,0.9701492537313433,0.970136097199792,0.9701492537313433,0.9700798425374865,distance,1,7,euclidean,38,ball_tree
0.017788505554199217,0.0012394871795702329,33.12806825637817,0.9855630968372744,distance,2,11,manhattan,26,brute,0.9636864693611868,0.9633862164174368,0.9642285063521739,0.9634725764393524,0.9653113508564406,0.9640170238853181,0.0007104385291268507,18,718.6430711746216,0.9701492537313433,0.970136097199792,0.9701492537313433,0.9700798425374865,distance,2,11,manhattan,26,brute
0.16370053291320802,0.004260464672944611,0.9771681308746338,0.10576666296329096,distance,2,3,minkowski,39,auto,0.9634252588664203,0.9634786746012742,0.963956715481126,0.9640699593831712,0.966437956212172,0.9642737129088326,0.0011115675523343154,13,718.6430711746216,0.9701492537313433,0.970136097199792,0.9701492537313433,0.9700798425374865,distance,2,3,minkowski,39,auto
0.15837817192077636,0.027864453908035783,15.605143070220947,1.0226537986487616,distance,2,3,minkowski,26,ball_tree,0.9634252588664203,0.9634786746012742,0.963956715481126,0.9640699593831712,0.966437956212172,0.9642737129088326,0.0011115675523343154,13,718.6430711746216,0.9701492537313433,0.970136097199792,0.9701492537313433,0.9700798425374865,distance,2,3,minkowski,26,ball_tree
0.02109551429748535,0.003175754453986099,28.709841299057008,0.5705078519521748,uniform,1,8,manhattan,38,brute,0.9624695546666244,0.96106545820326,0.961641249786006,0.9616261829337053,0.9635885519386762,0.9620781995056543,0.000878090236632417,37,718.6430711746216,0.9701492537313433,0.970136097199792,0.9701492537313433,0.9700798425374865,uniform,1,8,manhattan,38,brute
