mean_fit_time,std_fit_time,mean_score_time,std_score_time,param_coef0,param_decision_function_shape,param_degree,param_gamma,param_kernel,params,split0_test_accuracy,split1_test_accuracy,split2_test_accuracy,split3_test_accuracy,split4_test_accuracy,mean_test_accuracy,std_test_accuracy,rank_test_accuracy,split0_test_precision,split1_test_precision,split2_test_precision,split3_test_precision,split4_test_precision,mean_test_precision,std_test_precision,rank_test_precision,split0_test_recall,split1_test_recall,split2_test_recall,split3_test_recall,split4_test_recall,mean_test_recall,std_test_recall,rank_test_recall,split0_test_f1,split1_test_f1,split2_test_f1,split3_test_f1,split4_test_f1,mean_test_f1,std_test_f1,rank_test_f1
298.31792335510255,26.41110015228951,55.27680721282959,18.910078060742944,-6.8341515142810145,ovr,1,scale,rbf,"{'coef0': -6.8341515142810145, 'decision_function_shape': 'ovr', 'degree': 1, 'gamma': 'scale', 'kernel': 'rbf'}",0.9703706747760336,0.9706172433631955,0.9699597271307635,0.9688899847943122,0.9698352032219619,0.9699345666572533,0.0005929410065407612,16,0.9704446430588464,0.9707727027043833,0.97012576756181,0.9689778394266052,0.9700297530960382,0.9700701411695366,0.0006052591122737424,16,0.9703706747760336,0.9706172433631955,0.9699597271307635,0.9688899847943122,0.9698352032219619,0.9699345666572533,0.0005929410065407612,16,0.970304549323404,0.9705616676564317,0.969902027326874,0.9688238726444042,0.9697822767197792,0.9698748787341787,0.0005950162718571677,16
297.00112142562864,54.58102956412876,50.27864847183228,13.479228787291623,-3.4309445934750187,ovr,4,auto,rbf,"{'coef0': -3.4309445934750187, 'decision_function_shape': 'ovr', 'degree': 4, 'gamma': 'auto', 'kernel': 'rbf'}",0.9703706747760336,0.9706172433631955,0.9699186323662365,0.9688899847943122,0.9698352032219619,0.969926347704348,0.0005928200877933378,26,0.9704446430588464,0.9707727027043833,0.9700820286990828,0.9689778394266052,0.9700297530960382,0.9700613933969912,0.0006047077583710692,26,0.9703706747760336,0.9706172433631955,0.9699186323662365,0.9688899847943122,0.9698352032219619,0.969926347704348,0.0005928200877933378,26,0.970304549323404,0.9705616676564317,0.9698604157304185,0.9688238726444042,0.9697822767197792,0.9698665564148875,0.0005948693379683516,26
1699.2201506614686,174.97221932047327,105.66850590705872,1.6706818960821908,-4.987322967713574,ovo,3,scale,sigmoid,"{'coef0': -4.987322967713574, 'decision_function_shape': 'ovo', 'degree': 3, 'gamma': 'scale', 'kernel': 'sigmoid'}",0.7325552724582888,0.7298841127640339,0.7340346839812608,0.7240373155796654,0.731599063000863,0.7304220895568224,0.003465294562473109,78,0.7501163418500104,0.7473253495541266,0.7515580987592928,0.742713841062889,0.7495861199174679,0.7482599502287572,0.003089190991989204,77,0.7325552724582888,0.7298841127640339,0.7340346839812608,0.7240373155796654,0.731599063000863,0.7304220895568224,0.003465294562473109,78,0.7354400609082543,0.7329040079179999,0.737526452892097,0.7270487307811283,0.7351501978913471,0.7336138900781654,0.0035946776947944695,78
430.0893419265747,118.19750872543314,3.9576388359069825,0.1049761037516203,2.657199049959644,ovo,5,auto,poly,"{'coef0': 2.657199049959644, 'decision_function_shape': 'ovo', 'degree': 5, 'gamma': 'auto', 'kernel': 'poly'}",0.9774800690392044,0.9771513109229885,0.9767403632777184,0.975424320881108,0.9773969506431595,0.9768386029528358,0.0007524442796680276,3,0.9775411276110582,0.977283814596364,0.97693629761116,0.9755206459896762,0.9775926889348058,0.9769749149486129,0.0007634199333511545,3,0.9774800690392044,0.9771513109229885,0.9767403632777184,0.975424320881108,0.9773969506431595,0.9768386029528358,0.0007524442796680276,3,0.9774515293717015,0.9771253200025777,0.9767164866494127,0.9753913566879194,0.9773727899779519,0.9768114965379127,0.0007548511897830966,3
259.6690020084381,62.673496849072315,4.51175537109375,0.6055319775637548,8.174794844303214,ovo,3,scale,poly,"{'coef0': 8.174794844303214, 'decision_function_shape': 'ovo', 'degree': 3, 'gamma': 'scale', 'kernel': 'poly'}",0.9763294156324485,0.9753842360483275,0.9761239418098134,0.9741092343730736,0.9760818641351251,0.9756057383997577,0.0008133298003587828,7,0.9764393924676585,0.9755761196855326,0.9763270920438697,0.974244703249687,0.9763161768908141,0.9757806968675125,0.0008270785519091399,7,0.9763294156324485,0.9753842360483275,0.9761239418098134,0.9741092343730736,0.9760818641351251,0.9756057383997577,0.0008133298003587828,7,0.9762979141903422,0.975352698132468,0.9760967127437136,0.9740734141471878,0.9760531234926396,0.9755747725412702,0.0008157903067273553,7
1438.38880777359,193.1850927840932,61.81630940437317,1.945718220002209,-8.526719439721749,ovo,2,scale,poly,"{'coef0': -8.526719439721749, 'decision_function_shape': 'ovo', 'degree': 2, 'gamma': 'scale', 'kernel': 'poly'}",0.12102408153201283,0.12554450562998273,0.11979123859620285,0.12250852751407554,0.11963177577775037,0.12170002581000487,0.0021822798895717844,100,0.08172233982105304,0.08485613897117075,0.08100134234362891,0.09035828442473065,0.08074015083379654,0.08373565127887597,0.0036226414050855556,100,0.12102408153201283,0.12554450562998273,0.11979123859620285,0.12250852751407554,0.11963177577775037,0.12170002581000487,0.0021822798895717844,100,0.09736444630227534,0.1010571784033944,0.09642176370153192,0.09883415413649198,0.09609134211064074,0.09795377693086688,0.0018203957431346853,100
1365.040109014511,153.04631386243025,95.42179508209229,3.028154225901081,4.613756258116961,ovr,5,scale,sigmoid,"{'coef0': 4.613756258116961, 'decision_function_shape': 'ovr', 'degree': 5, 'gamma': 'scale', 'kernel': 'sigmoid'}",0.4847127475959563,0.48384975754088927,0.4838908523054163,0.481568240660831,0.409033000452061,0.46861091971103075,0.029807341408297085,85,0.5715470355627965,0.5708440742436673,0.572524541745296,0.5709917420200874,0.44062213887577995,0.5453059064895254,0.05234520478740568,84,0.4847127475959563,0.48384975754088927,0.4838908523054163,0.481568240660831,0.409033000452061,0.46861091971103075,0.029807341408297085,85,0.5014374540317431,0.5010112279520569,0.5009498749401354,0.4985466458382115,0.38439827017337375,0.47726869458710414,0.04644631754363832,83
160.92477407455445,25.119663160463624,38.41833338737488,0.953266870084696,4.877205489467952,ovo,2,auto,rbf,"{'coef0': 4.877205489467952, 'decision_function_shape': 'ovo', 'degree': 2, 'gamma': 'auto', 'kernel': 'rbf'}",0.9703706747760336,0.9706172433631955,0.9699186323662365,0.9688899847943122,0.9698352032219619,0.969926347704348,0.0005928200877933378,26,0.9704446430588464,0.9707727027043833,0.9700820286990828,0.9689778394266052,0.9700297530960382,0.9700613933969912,0.0006047077583710692,26,0.9703706747760336,0.9706172433631955,0.9699186323662365,0.9688899847943122,0.9698352032219619,0.969926347704348,0.0005928200877933378,26,0.970304549323404,0.9705616676564317,0.9698604157304185,0.9688238726444042,0.9697822767197792,0.9698665564148875,0.0005948693379683516,26
1117.6335735321045,63.82860865477286,4.21981463432312,0.13584970181268538,9.841431268986355,ovr,4,auto,poly,"{'coef0': 9.841431268986355, 'decision_function_shape': 'ovr', 'degree': 4, 'gamma': 'auto', 'kernel': 'poly'}",0.9767403632777184,0.9764937946905564,0.9778499219199474,0.9749722598939712,0.9777668187235442,0.9767646317011474,0.0010458271391320033,4,0.9768091590084211,0.9765785419840576,0.9779803918644662,0.9750204722444766,0.9779352657372161,0.9768647661677274,0.0010841611077992675,4,0.9767403632777184,0.9764937946905564,0.9778499219199474,0.9749722598939712,0.9777668187235442,0.9767646317011474,0.0010458271391320033,4,0.9767111553659561,0.9764634221275192,0.9778264307133885,0.9749380058204089,0.9777438585614913,0.9767365745177529,0.001050001465957956,4
186.59872608184816,3.545989229162533,5.936624765396118,0.192452281774716,-2.6350142485037997,ovr,3,scale,linear,"{'coef0': -2.6350142485037997, 'decision_function_shape': 'ovr', 'degree': 3, 'gamma': 'scale', 'kernel': 'linear'}",0.9655625873263746,0.9659735349716446,0.9660968192652256,0.9629309990547815,0.9660543295113632,0.9653236540258779,0.0012112723334489087,44,0.9655209010400521,0.9659644997052051,0.966209713479308,0.9629257589151581,0.9661038144047188,0.9653449375088885,0.0012321507350813627,44,0.9655625873263746,0.9659735349716446,0.9660968192652256,0.9629309990547815,0.9660543295113632,0.9653236540258779,0.0012112723334489087,44,0.9654727493203126,0.9658883972843058,0.9660217308502053,0.9628299403226322,0.9659733757234094,0.9652372387001732,0.001219170528091961,44
1329.5531376838685,80.63704343968807,62.53953905105591,1.435559937565082,-3.586157756161475,ovo,4,auto,poly,"{'coef0': -3.586157756161475, 'decision_function_shape': 'ovo', 'degree': 4, 'gamma': 'auto', 'kernel': 'poly'}",0.12961288731815568,0.13511958576477356,0.1273526752691707,0.13093330045617063,0.1278510664529651,0.13017390305224713,0.002782304679036182,97,0.08700212039432592,0.09071076140401792,0.08562380026882906,0.09777290822396094,0.08584695980419839,0.08939131001906644,0.004570709259016105,97,0.12961288731815568,0.13511958576477356,0.1273526752691707,0.13093330045617063,0.1278510664529651,0.13017390305224713,0.002782304679036182,97,0.10397562813672659,0.10839254441073641,0.1022300460197657,0.10521597307261035,0.10248083538369276,0.10445900540470636,0.0022432476152740464,97
165.2045259475708,21.08939447070848,5.8347385883331295,0.21705500660891214,9.916235735563966,ovo,4,auto,linear,"{'coef0': 9.916235735563966, 'decision_function_shape': 'ovo', 'degree': 4, 'gamma': 'auto', 'kernel': 'linear'}",0.9655625873263746,0.9659735349716446,0.9660968192652256,0.9629309990547815,0.9660543295113632,0.9653236540258779,0.0012112723334489087,44,0.9655209010400521,0.9659644997052051,0.966209713479308,0.9629257589151581,0.9661038144047188,0.9653449375088885,0.0012321507350813627,44,0.9655625873263746,0.9659735349716446,0.9660968192652256,0.9629309990547815,0.9660543295113632,0.9653236540258779,0.0012112723334489087,44,0.9654727493203126,0.9658883972843058,0.9660217308502053,0.9628299403226322,0.9659733757234094,0.9652372387001732,0.001219170528091961,44
120.13253946304322,26.237948880927316,5.372851181030273,0.23647836918299597,6.737601755558021,ovo,2,scale,poly,"{'coef0': 6.737601755558021, 'decision_function_shape': 'ovo', 'degree': 2, 'gamma': 'scale', 'kernel': 'poly'}",0.9741102983479905,0.9725486972959645,0.9730418344702885,0.9708215181029877,0.9731229194920479,0.9727290535418558,0.0010800017904018227,13,0.9742339174932267,0.9727103170045349,0.973234834238302,0.9709316417517998,0.9733035840750249,0.9728828589125778,0.0010920874231604002,13,0.9741102983479905,0.9725486972959645,0.9730418344702885,0.9708215181029877,0.9731229194920479,0.9727290535418558,0.0010800017904018227,13,0.974068689869122,0.9725026182785993,0.9729978945037748,0.9707654076576164,0.9730794374237953,0.9726828095465816,0.0010850027989366142,13
1655.5901220321655,78.3143476786432,137.84340438842773,3.08564905519934,-5.89170972822592,ovr,5,scale,sigmoid,"{'coef0': -5.89170972822592, 'decision_function_shape': 'ovr', 'degree': 5, 'gamma': 'scale', 'kernel': 'sigmoid'}",0.6476534889455083,0.6395989150982165,0.6458864140708473,0.6339949862326881,0.6393786216249537,0.6413024851944428,0.004926471268013103,79,0.6530016257166469,0.6436408292100689,0.6515654024114746,0.6408228290977632,0.6469145221591683,0.6471890417190244,0.004607222629228965,80,0.6476534889455083,0.6395989150982165,0.6458864140708473,0.6339949862326881,0.6393786216249537,0.6413024851944428,0.004926471268013103,79,0.6349947408352055,0.6268558364337966,0.6336276509605664,0.6192027771073694,0.6261139071059932,0.6281589824885861,0.005704876244423602,80
133.51994881629943,6.705566335042577,38.1785683631897,0.7017325951521767,-1.3072471144765032,ovr,5,auto,rbf,"{'coef0': -1.3072471144765032, 'decision_function_shape': 'ovr', 'degree': 5, 'gamma': 'auto', 'kernel': 'rbf'}",0.9703706747760336,0.9706172433631955,0.9699186323662365,0.9688899847943122,0.9698352032219619,0.969926347704348,0.0005928200877933378,26,0.9704446430588464,0.9707727027043833,0.9700820286990828,0.9689778394266052,0.9700297530960382,0.9700613933969912,0.0006047077583710692,26,0.9703706747760336,0.9706172433631955,0.9699186323662365,0.9688899847943122,0.9698352032219619,0.969926347704348,0.0005928200877933378,26,0.970304549323404,0.9705616676564317,0.9698604157304185,0.9688238726444042,0.9697822767197792,0.9698665564148875,0.0005948693379683516,26
163.39638924598694,8.039670082123457,5.634539794921875,0.12171540951825446,-4.842603573206336,ovr,1,scale,linear,"{'coef0': -4.842603573206336, 'decision_function_shape': 'ovr', 'degree': 1, 'gamma': 'scale', 'kernel': 'linear'}",0.9655625873263746,0.9659735349716446,0.9660968192652256,0.9629309990547815,0.9660543295113632,0.9653236540258779,0.0012112723334489087,44,0.9655209010400521,0.9659644997052051,0.966209713479308,0.9629257589151581,0.9661038144047188,0.9653449375088885,0.0012321507350813627,44,0.9655625873263746,0.9659735349716446,0.9660968192652256,0.9629309990547815,0.9660543295113632,0.9653236540258779,0.0012112723334489087,44,0.9654727493203126,0.9658883972843058,0.9660217308502053,0.9628299403226322,0.9659733757234094,0.9652372387001732,0.001219170528091961,44
136.26341338157653,4.214994543426722,38.006588554382326,0.5197287216589324,-2.4324747271764124,ovo,3,scale,rbf,"{'coef0': -2.4324747271764124, 'decision_function_shape': 'ovo', 'degree': 3, 'gamma': 'scale', 'kernel': 'rbf'}",0.9703706747760336,0.9706172433631955,0.9699597271307635,0.9688899847943122,0.9698352032219619,0.9699345666572533,0.0005929410065407612,16,0.9704446430588464,0.9707727027043833,0.97012576756181,0.9689778394266052,0.9700297530960382,0.9700701411695366,0.0006052591122737424,16,0.9703706747760336,0.9706172433631955,0.9699597271307635,0.9688899847943122,0.9698352032219619,0.9699345666572533,0.0005929410065407612,16,0.970304549323404,0.9705616676564317,0.969902027326874,0.9688238726444042,0.9697822767197792,0.9698748787341787,0.0005950162718571677,16
1730.1257699489593,227.21023927652465,146.2117467880249,2.6463204983432034,9.942060625914479,ovo,3,scale,sigmoid,"{'coef0': 9.942060625914479, 'decision_function_shape': 'ovo', 'degree': 3, 'gamma': 'scale', 'kernel': 'sigmoid'}",0.334675762307882,0.334675762307882,0.334675762307882,0.3346484198413677,0.3346484198413677,0.3346648253212763,1.339501825384041e-05,91,0.11200786587636191,0.11200786587636191,0.11200786587636191,0.11199416746540593,0.11198956490232428,0.11200146599936318,7.972201520923285e-06,94,0.334675762307882,0.334675762307882,0.334675762307882,0.3346484198413677,0.3346484198413677,0.3346648253212763,1.339501825384041e-05,91,0.1678428110250256,0.1678428110250256,0.1678428110250256,0.1678239927801852,0.1678188251489258,0.16783425020083756,1.0611409305608992e-05,94
127.40908603668213,16.887436868983126,39.69650492668152,0.9373414118072767,3.0102326395181187,ovr,1,auto,rbf,"{'coef0': 3.0102326395181187, 'decision_function_shape': 'ovr', 'degree': 1, 'gamma': 'auto', 'kernel': 'rbf'}",0.9703706747760336,0.9706172433631955,0.9699186323662365,0.9688899847943122,0.9698352032219619,0.969926347704348,0.0005928200877933378,26,0.9704446430588464,0.9707727027043833,0.9700820286990828,0.9689778394266052,0.9700297530960382,0.9700613933969912,0.0006047077583710692,26,0.9703706747760336,0.9706172433631955,0.9699186323662365,0.9688899847943122,0.9698352032219619,0.969926347704348,0.0005928200877933378,26,0.970304549323404,0.9705616676564317,0.9698604157304185,0.9688238726444042,0.9697822767197792,0.9698665564148875,0.0005948693379683516,26
129.73563547134398,2.435723006586335,39.08889112472534,0.3341454280987583,6.52730611056889,ovo,3,scale,rbf,"{'coef0': 6.52730611056889, 'decision_function_shape': 'ovo', 'degree': 3, 'gamma': 'scale', 'kernel': 'rbf'}",0.9703706747760336,0.9706172433631955,0.9699597271307635,0.9688899847943122,0.9698352032219619,0.9699345666572533,0.0005929410065407612,16,0.9704446430588464,0.9707727027043833,0.97012576756181,0.9689778394266052,0.9700297530960382,0.9700701411695366,0.0006052591122737424,16,0.9703706747760336,0.9706172433631955,0.9699597271307635,0.9688899847943122,0.9698352032219619,0.9699345666572533,0.0005929410065407612,16,0.970304549323404,0.9705616676564317,0.969902027326874,0.9688238726444042,0.9697822767197792,0.9698748787341787,0.0005950162718571677,16
134.06409621238708,10.30681748377441,39.8418007850647,0.7956059130820244,-9.58589408121715,ovo,3,auto,rbf,"{'coef0': -9.58589408121715, 'decision_function_shape': 'ovo', 'degree': 3, 'gamma': 'auto', 'kernel': 'rbf'}",0.9703706747760336,0.9706172433631955,0.9699186323662365,0.9688899847943122,0.9698352032219619,0.969926347704348,0.0005928200877933378,26,0.9704446430588464,0.9707727027043833,0.9700820286990828,0.9689778394266052,0.9700297530960382,0.9700613933969912,0.0006047077583710692,26,0.9703706747760336,0.9706172433631955,0.9699186323662365,0.9688899847943122,0.9698352032219619,0.969926347704348,0.0005928200877933378,26,0.970304549323404,0.9705616676564317,0.9698604157304185,0.9688238726444042,0.9697822767197792,0.9698665564148875,0.0005948693379683516,26
162.9968321800232,6.370558111389451,5.772787570953369,0.10956953575392472,-8.086093265223402,ovo,2,scale,linear,"{'coef0': -8.086093265223402, 'decision_function_shape': 'ovo', 'degree': 2, 'gamma': 'scale', 'kernel': 'linear'}",0.9655625873263746,0.9659735349716446,0.9660968192652256,0.9629309990547815,0.9660543295113632,0.9653236540258779,0.0012112723334489087,44,0.9655209010400521,0.9659644997052051,0.966209713479308,0.9629257589151581,0.9661038144047188,0.9653449375088885,0.0012321507350813627,44,0.9655625873263746,0.9659735349716446,0.9660968192652256,0.9629309990547815,0.9660543295113632,0.9653236540258779,0.0012112723334489087,44,0.9654727493203126,0.9658883972843058,0.9660217308502053,0.9628299403226322,0.9659733757234094,0.9652372387001732,0.001219170528091961,44
116.75943322181702,2.5025194285879726,5.169048643112182,0.06469229301667972,8.523257347872246,ovo,2,auto,poly,"{'coef0': 8.523257347872246, 'decision_function_shape': 'ovo', 'degree': 2, 'gamma': 'auto', 'kernel': 'poly'}",0.9742746774060984,0.9727952658831265,0.9730829292348154,0.9711502897299963,0.9734105946656804,0.9729427513839435,0.0010244242137373777,11,0.9744020510602336,0.9729628726379796,0.973281668997508,0.9712679515418463,0.9735994139902504,0.9731027916455636,0.001034690429237849,11,0.9742746774060984,0.9727952658831265,0.9730829292348154,0.9711502897299963,0.9734105946656804,0.9729427513839435,0.0010244242137373777,11,0.9742345266671023,0.9727514068418666,0.9730403572402757,0.9710976164709025,0.9733693770253464,0.9728986568490988,0.0010287500828055612,11
138.51073093414306,7.482093594341452,40.503430414199826,2.205784657847782,4.65293677871407,ovo,3,auto,rbf,"{'coef0': 4.65293677871407, 'decision_function_shape': 'ovo', 'degree': 3, 'gamma': 'auto', 'kernel': 'rbf'}",0.9703706747760336,0.9706172433631955,0.9699186323662365,0.9688899847943122,0.9698352032219619,0.969926347704348,0.0005928200877933378,26,0.9704446430588464,0.9707727027043833,0.9700820286990828,0.9689778394266052,0.9700297530960382,0.9700613933969912,0.0006047077583710692,26,0.9703706747760336,0.9706172433631955,0.9699186323662365,0.9688899847943122,0.9698352032219619,0.969926347704348,0.0005928200877933378,26,0.970304549323404,0.9705616676564317,0.9698604157304185,0.9688238726444042,0.9697822767197792,0.9698665564148875,0.0005948693379683516,26
138.53751754760742,8.1437900158051,39.6494740486145,1.9000701269573945,-2.1930539662405018,ovr,2,scale,rbf,"{'coef0': -2.1930539662405018, 'decision_function_shape': 'ovr', 'degree': 2, 'gamma': 'scale', 'kernel': 'rbf'}",0.9703706747760336,0.9706172433631955,0.9699597271307635,0.9688899847943122,0.9698352032219619,0.9699345666572533,0.0005929410065407612,16,0.9704446430588464,0.9707727027043833,0.97012576756181,0.9689778394266052,0.9700297530960382,0.9700701411695366,0.0006052591122737424,16,0.9703706747760336,0.9706172433631955,0.9699597271307635,0.9688899847943122,0.9698352032219619,0.9699345666572533,0.0005929410065407612,16,0.970304549323404,0.9705616676564317,0.969902027326874,0.9688238726444042,0.9697822767197792,0.9698748787341787,0.0005950162718571677,16
169.26177668571472,3.23136224230568,5.62081503868103,0.13184493760806826,5.776450877923239,ovr,4,scale,linear,"{'coef0': 5.776450877923239, 'decision_function_shape': 'ovr', 'degree': 4, 'gamma': 'scale', 'kernel': 'linear'}",0.9655625873263746,0.9659735349716446,0.9660968192652256,0.9629309990547815,0.9660543295113632,0.9653236540258779,0.0012112723334489087,44,0.9655209010400521,0.9659644997052051,0.966209713479308,0.9629257589151581,0.9661038144047188,0.9653449375088885,0.0012321507350813627,44,0.9655625873263746,0.9659735349716446,0.9660968192652256,0.9629309990547815,0.9660543295113632,0.9653236540258779,0.0012112723334489087,44,0.9654727493203126,0.9658883972843058,0.9660217308502053,0.9628299403226322,0.9659733757234094,0.9652372387001732,0.001219170528091961,44
121.89904618263245,3.1718396689638393,5.095880842208862,0.12203399566162414,9.910280288254377,ovo,2,scale,poly,"{'coef0': 9.910280288254377, 'decision_function_shape': 'ovo', 'degree': 2, 'gamma': 'scale', 'kernel': 'poly'}",0.9743157721706255,0.9729185501767075,0.9731240239993425,0.9713557719968766,0.9734927875724325,0.9730413811831969,0.0009686109370954827,10,0.9744441078767528,0.9730892762571949,0.9733237364549999,0.9714801860402308,0.9736835285920518,0.973204167044246,0.0009764064728149912,10,0.9743157721706255,0.9729185501767075,0.9731240239993425,0.9713557719968766,0.9734927875724325,0.9730413811831969,0.0009686109370954827,10,0.9742759856747321,0.9728758000567298,0.9730817886661636,0.9713060302277,0.9734522444276444,0.972998369810594,0.000972039071041549,10
229.23097858428955,7.530960932899171,8.996529483795166,0.7587988190993882,9.695815864799034,ovo,1,scale,poly,"{'coef0': 9.695815864799034, 'decision_function_shape': 'ovo', 'degree': 1, 'gamma': 'scale', 'kernel': 'poly'}",0.9603846469959727,0.9605079312895537,0.9593161831182707,0.9573829778490116,0.9600131508650803,0.9595209780235777,0.00114675373543718,69,0.9603122761711856,0.960463008235505,0.9593683727984411,0.9573242902657474,0.9600242396374202,0.9594984374216597,0.0011500461727274615,70,0.9603846469959727,0.9605079312895537,0.9593161831182707,0.9573829778490116,0.9600131508650803,0.9595209780235777,0.00114675373543718,69,0.9602136342713996,0.9603411717776543,0.959151903938737,0.9571910665250267,0.9598486063868418,0.9593492765799319,0.0011556060884850786,70
143.40720467567445,4.001625743521501,40.264215278625485,1.2269045487895487,-0.06967619618768062,ovo,3,scale,rbf,"{'coef0': -0.06967619618768062, 'decision_function_shape': 'ovo', 'degree': 3, 'gamma': 'scale', 'kernel': 'rbf'}",0.9703706747760336,0.9706172433631955,0.9699597271307635,0.9688899847943122,0.9698352032219619,0.9699345666572533,0.0005929410065407612,16,0.9704446430588464,0.9707727027043833,0.97012576756181,0.9689778394266052,0.9700297530960382,0.9700701411695366,0.0006052591122737424,16,0.9703706747760336,0.9706172433631955,0.9699597271307635,0.9688899847943122,0.9698352032219619,0.9699345666572533,0.0005929410065407612,16,0.970304549323404,0.9705616676564317,0.969902027326874,0.9688238726444042,0.9697822767197792,0.9698748787341787,0.0005950162718571677,16
147.31505851745607,9.247513552683259,41.94807105064392,2.317035237230482,7.590670400578954,ovr,4,scale,rbf,"{'coef0': 7.590670400578954, 'decision_function_shape': 'ovr', 'degree': 4, 'gamma': 'scale', 'kernel': 'rbf'}",0.9703706747760336,0.9706172433631955,0.9699597271307635,0.9688899847943122,0.9698352032219619,0.9699345666572533,0.0005929410065407612,16,0.9704446430588464,0.9707727027043833,0.97012576756181,0.9689778394266052,0.9700297530960382,0.9700701411695366,0.0006052591122737424,16,0.9703706747760336,0.9706172433631955,0.9699597271307635,0.9688899847943122,0.9698352032219619,0.9699345666572533,0.0005929410065407612,16,0.970304549323404,0.9705616676564317,0.969902027326874,0.9688238726444042,0.9697822767197792,0.9698748787341787,0.0005950162718571677,16
1824.4556790351867,89.4920205042571,146.375914478302,4.178216564507744,-6.940693777012044,ovo,2,auto,sigmoid,"{'coef0': -6.940693777012044, 'decision_function_shape': 'ovo', 'degree': 2, 'gamma': 'auto', 'kernel': 'sigmoid'}",0.36405851894468644,0.3629078655379305,0.3657844990548204,0.3673611967287223,0.36764887190235485,0.36555219043370285,0.0018409808756940603,89,0.42661633011370464,0.430574872402058,0.43447394661321354,0.4435036762201319,0.448304373647946,0.4366946397994108,0.008063550760780944,89,0.36405851894468644,0.3629078655379305,0.3657844990548204,0.3673611967287223,0.36764887190235485,0.36555219043370285,0.0018409808756940603,89,0.2328413679691025,0.23081232237850843,0.2360438962648289,0.23880280674251225,0.23928680668617439,0.2355574400082253,0.0033036467544141804,89
133.3392448425293,5.044639080995404,4.496609497070312,0.2767454675506422,4.563056509822401,ovr,3,scale,poly,"{'coef0': 4.563056509822401, 'decision_function_shape': 'ovr', 'degree': 3, 'gamma': 'scale', 'kernel': 'poly'}",0.9761239418098134,0.9750965726966384,0.9757129941645435,0.9736982698393128,0.9757119960547405,0.9752687549130098,0.0008510259611939028,9,0.9762338310323324,0.9752872330159246,0.9758990874220759,0.9738214975289589,0.9759371191408122,0.9754357536280208,0.0008638118141098661,9,0.9761239418098134,0.9750965726966384,0.9757129941645435,0.9736982698393128,0.9757119960547405,0.9752687549130098,0.0008510259611939028,9,0.9760906080020645,0.9750644462846192,0.9756818551323221,0.973657764557786,0.9756807674616003,0.9752350882876785,0.000854074161104718,9
152.4992778301239,3.237299174864618,40.80075263977051,1.2515928973688468,-5.644510696294816,ovo,2,auto,rbf,"{'coef0': -5.644510696294816, 'decision_function_shape': 'ovo', 'degree': 2, 'gamma': 'auto', 'kernel': 'rbf'}",0.9703706747760336,0.9706172433631955,0.9699186323662365,0.9688899847943122,0.9698352032219619,0.969926347704348,0.0005928200877933378,26,0.9704446430588464,0.9707727027043833,0.9700820286990828,0.9689778394266052,0.9700297530960382,0.9700613933969912,0.0006047077583710692,26,0.9703706747760336,0.9706172433631955,0.9699186323662365,0.9688899847943122,0.9698352032219619,0.969926347704348,0.0005928200877933378,26,0.970304549323404,0.9705616676564317,0.9698604157304185,0.9688238726444042,0.9697822767197792,0.9698665564148875,0.0005948693379683516,26
308.36943612098696,14.3475341453003,3.914575290679932,0.14183972782485135,2.446741218704913,ovo,5,auto,poly,"{'coef0': 2.446741218704913, 'decision_function_shape': 'ovo', 'degree': 5, 'gamma': 'auto', 'kernel': 'poly'}",0.9768225528067724,0.9762472261033944,0.9772745952165695,0.973739366292689,0.9786709406978178,0.9765509362234486,0.0016179642882697737,5,0.9769097645006357,0.9764128415946849,0.9774404511651714,0.9739053427042604,0.9788088686736465,0.9766954537276797,0.0016082327047931548,5,0.9768225528067724,0.9762472261033944,0.9772745952165695,0.973739366292689,0.9786709406978178,0.9765509362234486,0.0016179642882697737,5,0.9767944500762961,0.9762199063363567,0.9772502167387149,0.9737042126317452,0.9786497816257066,0.9765237134817639,0.0016225384348929157,5
1508.5230315685271,25.1000798157883,129.86980338096618,4.354651768265503,-5.639272189716329,ovo,2,auto,sigmoid,"{'coef0': -5.639272189716329, 'decision_function_shape': 'ovo', 'degree': 2, 'gamma': 'auto', 'kernel': 'sigmoid'}",0.6437905810799704,0.6352839648228815,0.6439549601380784,0.6340360826860642,0.6384744996506801,0.6391080176755348,0.00415134920518345,80,0.6669886605735186,0.6583386377630459,0.6688232356673955,0.6597570708735596,0.6647705801821455,0.6637356370119332,0.0040618596516069794,79,0.6437905810799704,0.6352839648228815,0.6439549601380784,0.6340360826860642,0.6384744996506801,0.6391080176755348,0.00415134920518345,80,0.6373045014524078,0.6290030777261568,0.6380707452124459,0.6267834272934284,0.6326765324989453,0.6327676568366768,0.004442905989081515,79
163.73357405662537,6.356400739828391,5.525904893875122,0.13663493615614794,8.701949999888562,ovo,2,auto,linear,"{'coef0': 8.701949999888562, 'decision_function_shape': 'ovo', 'degree': 2, 'gamma': 'auto', 'kernel': 'linear'}",0.9655625873263746,0.9659735349716446,0.9660968192652256,0.9629309990547815,0.9660543295113632,0.9653236540258779,0.0012112723334489087,44,0.9655209010400521,0.9659644997052051,0.966209713479308,0.9629257589151581,0.9661038144047188,0.9653449375088885,0.0012321507350813627,44,0.9655625873263746,0.9659735349716446,0.9660968192652256,0.9629309990547815,0.9660543295113632,0.9653236540258779,0.0012112723334489087,44,0.9654727493203126,0.9658883972843058,0.9660217308502053,0.9628299403226322,0.9659733757234094,0.9652372387001732,0.001219170528091961,44
685.312097120285,34.21467781220654,41.95712161064148,1.0194846674273508,-1.761893019529758,ovr,5,auto,poly,"{'coef0': -1.761893019529758, 'decision_function_shape': 'ovr', 'degree': 5, 'gamma': 'auto', 'kernel': 'poly'}",0.40704364263992765,0.40679707405276566,0.40761896934330566,0.40315620761928245,0.40743023877039414,0.4064092264851351,0.0016517254738192145,88,0.44122519811865496,0.437451184941024,0.4362322860622602,0.4340876405292466,0.4400783484341994,0.437814931617077,0.002580029098663744,88,0.40704364263992765,0.40679707405276566,0.40761896934330566,0.40315620761928245,0.40743023877039414,0.4064092264851351,0.0016517254738192145,88,0.3811746086812912,0.3811807178565462,0.38017486710085346,0.3776142533269984,0.3823566485282969,0.3805002190987973,0.0015999289017670393,88
160.52710795402527,13.77566399600294,5.780937194824219,0.12394966578050404,-1.2261759280031477,ovo,3,scale,linear,"{'coef0': -1.2261759280031477, 'decision_function_shape': 'ovo', 'degree': 3, 'gamma': 'scale', 'kernel': 'linear'}",0.9655625873263746,0.9659735349716446,0.9660968192652256,0.9629309990547815,0.9660543295113632,0.9653236540258779,0.0012112723334489087,44,0.9655209010400521,0.9659644997052051,0.966209713479308,0.9629257589151581,0.9661038144047188,0.9653449375088885,0.0012321507350813627,44,0.9655625873263746,0.9659735349716446,0.9660968192652256,0.9629309990547815,0.9660543295113632,0.9653236540258779,0.0012112723334489087,44,0.9654727493203126,0.9658883972843058,0.9660217308502053,0.9628299403226322,0.9659733757234094,0.9652372387001732,0.001219170528091961,44
173.40156931877135,6.260745952763515,5.770657253265381,0.2708936770236895,8.218237591977584,ovr,4,scale,linear,"{'coef0': 8.218237591977584, 'decision_function_shape': 'ovr', 'degree': 4, 'gamma': 'scale', 'kernel': 'linear'}",0.9655625873263746,0.9659735349716446,0.9660968192652256,0.9629309990547815,0.9660543295113632,0.9653236540258779,0.0012112723334489087,44,0.9655209010400521,0.9659644997052051,0.966209713479308,0.9629257589151581,0.9661038144047188,0.9653449375088885,0.0012321507350813627,44,0.9655625873263746,0.9659735349716446,0.9660968192652256,0.9629309990547815,0.9660543295113632,0.9653236540258779,0.0012112723334489087,44,0.9654727493203126,0.9658883972843058,0.9660217308502053,0.9628299403226322,0.9659733757234094,0.9652372387001732,0.001219170528091961,44
137.20283617973328,2.120604662555197,38.88250913619995,0.7045404276887169,2.225664181498061,ovo,4,auto,rbf,"{'coef0': 2.225664181498061, 'decision_function_shape': 'ovo', 'degree': 4, 'gamma': 'auto', 'kernel': 'rbf'}",0.9703706747760336,0.9706172433631955,0.9699186323662365,0.9688899847943122,0.9698352032219619,0.969926347704348,0.0005928200877933378,26,0.9704446430588464,0.9707727027043833,0.9700820286990828,0.9689778394266052,0.9700297530960382,0.9700613933969912,0.0006047077583710692,26,0.9703706747760336,0.9706172433631955,0.9699186323662365,0.9688899847943122,0.9698352032219619,0.969926347704348,0.0005928200877933378,26,0.970304549323404,0.9705616676564317,0.9698604157304185,0.9688238726444042,0.9697822767197792,0.9698665564148875,0.0005948693379683516,26
177.03492107391358,11.794701462756912,5.635727882385254,0.22077897722106446,-9.842569478983487,ovr,4,scale,linear,"{'coef0': -9.842569478983487, 'decision_function_shape': 'ovr', 'degree': 4, 'gamma': 'scale', 'kernel': 'linear'}",0.9655625873263746,0.9659735349716446,0.9660968192652256,0.9629309990547815,0.9660543295113632,0.9653236540258779,0.0012112723334489087,44,0.9655209010400521,0.9659644997052051,0.966209713479308,0.9629257589151581,0.9661038144047188,0.9653449375088885,0.0012321507350813627,44,0.9655625873263746,0.9659735349716446,0.9660968192652256,0.9629309990547815,0.9660543295113632,0.9653236540258779,0.0012112723334489087,44,0.9654727493203126,0.9658883972843058,0.9660217308502053,0.9628299403226322,0.9659733757234094,0.9652372387001732,0.001219170528091961,44
185.9636034965515,7.390793939712909,5.684465456008911,0.12873742946449435,-4.62475386428207,ovr,5,auto,linear,"{'coef0': -4.62475386428207, 'decision_function_shape': 'ovr', 'degree': 5, 'gamma': 'auto', 'kernel': 'linear'}",0.9655625873263746,0.9659735349716446,0.9660968192652256,0.9629309990547815,0.9660543295113632,0.9653236540258779,0.0012112723334489087,44,0.9655209010400521,0.9659644997052051,0.966209713479308,0.9629257589151581,0.9661038144047188,0.9653449375088885,0.0012321507350813627,44,0.9655625873263746,0.9659735349716446,0.9660968192652256,0.9629309990547815,0.9660543295113632,0.9653236540258779,0.0012112723334489087,44,0.9654727493203126,0.9658883972843058,0.9660217308502053,0.9628299403226322,0.9659733757234094,0.9652372387001732,0.001219170528091961,44
186.9647020339966,7.014748881864697,6.047148180007935,0.26379841703469703,-1.9335710433377873,ovr,1,scale,linear,"{'coef0': -1.9335710433377873, 'decision_function_shape': 'ovr', 'degree': 1, 'gamma': 'scale', 'kernel': 'linear'}",0.9655625873263746,0.9659735349716446,0.9660968192652256,0.9629309990547815,0.9660543295113632,0.9653236540258779,0.0012112723334489087,44,0.9655209010400521,0.9659644997052051,0.966209713479308,0.9629257589151581,0.9661038144047188,0.9653449375088885,0.0012321507350813627,44,0.9655625873263746,0.9659735349716446,0.9660968192652256,0.9629309990547815,0.9660543295113632,0.9653236540258779,0.0012112723334489087,44,0.9654727493203126,0.9658883972843058,0.9660217308502053,0.9628299403226322,0.9659733757234094,0.9652372387001732,0.001219170528091961,44
155.14541811943053,4.108037810205059,39.29775857925415,0.7718572724681657,3.57570816515433,ovr,4,auto,rbf,"{'coef0': 3.57570816515433, 'decision_function_shape': 'ovr', 'degree': 4, 'gamma': 'auto', 'kernel': 'rbf'}",0.9703706747760336,0.9706172433631955,0.9699186323662365,0.9688899847943122,0.9698352032219619,0.969926347704348,0.0005928200877933378,26,0.9704446430588464,0.9707727027043833,0.9700820286990828,0.9689778394266052,0.9700297530960382,0.9700613933969912,0.0006047077583710692,26,0.9703706747760336,0.9706172433631955,0.9699186323662365,0.9688899847943122,0.9698352032219619,0.969926347704348,0.0005928200877933378,26,0.970304549323404,0.9705616676564317,0.9698604157304185,0.9688238726444042,0.9697822767197792,0.9698665564148875,0.0005948693379683516,26
880.872805404663,126.30578335519412,86.29663763046264,3.1298561994248297,4.088575063495469,ovr,3,auto,sigmoid,"{'coef0': 4.088575063495469, 'decision_function_shape': 'ovr', 'degree': 3, 'gamma': 'auto', 'kernel': 'sigmoid'}",0.5497657598421961,0.4616585846963097,0.46264485904495767,0.4618830394936917,0.40401923314018,0.46799429524346703,0.046659374484360756,86,0.546178840930786,0.5723412971006983,0.5750472490040772,0.5753027605381025,0.43706425898166207,0.5411868813110653,0.05319296096388985,86,0.5497657598421961,0.4616585846963097,0.46264485904495767,0.4618830394936917,0.40401923314018,0.46799429524346703,0.046659374484360756,86,0.5461318697176453,0.47688378135575915,0.4778187811995715,0.4769112530487849,0.37852750455041484,0.4712546379744351,0.05350082921254479,84
1308.044253873825,213.55691293432014,62.6472532749176,3.063328381276456,-2.306676252322939,ovr,4,scale,poly,"{'coef0': -2.306676252322939, 'decision_function_shape': 'ovr', 'degree': 4, 'gamma': 'scale', 'kernel': 'poly'}",0.1338867428289636,0.14033862085970247,0.13179090983808664,0.13635803230181234,0.13352237701886327,0.13517933656948566,0.0029632849090554273,96,0.08961952692030654,0.09397419940827696,0.08830232738862327,0.1080376382247078,0.08937428967168488,0.09386159632271988,0.007348596986346717,96,0.1338867428289636,0.14033862085970247,0.13179090983808664,0.13635803230181234,0.13352237701886327,0.13517933656948566,0.0029632849090554273,96,0.10726189545823517,0.11244754918221952,0.10560758822484527,0.10940300971297641,0.10687579094778217,0.10831916670521172,0.002398836028741882,96
129.48717803955077,8.730069364287356,40.06635251045227,0.9306734080005371,6.193565006096936,ovr,2,auto,rbf,"{'coef0': 6.193565006096936, 'decision_function_shape': 'ovr', 'degree': 2, 'gamma': 'auto', 'kernel': 'rbf'}",0.9703706747760336,0.9706172433631955,0.9699186323662365,0.9688899847943122,0.9698352032219619,0.969926347704348,0.0005928200877933378,26,0.9704446430588464,0.9707727027043833,0.9700820286990828,0.9689778394266052,0.9700297530960382,0.9700613933969912,0.0006047077583710692,26,0.9703706747760336,0.9706172433631955,0.9699186323662365,0.9688899847943122,0.9698352032219619,0.969926347704348,0.0005928200877933378,26,0.970304549323404,0.9705616676564317,0.9698604157304185,0.9688238726444042,0.9697822767197792,0.9698665564148875,0.0005948693379683516,26
255.95274744033813,4.734957169905236,4.1397374153137205,0.1397788715005401,4.019437185126822,ovo,4,auto,poly,"{'coef0': 4.019437185126822, 'decision_function_shape': 'ovo', 'degree': 4, 'gamma': 'auto', 'kernel': 'poly'}",0.9771102161584614,0.9766581737486644,0.9772335004520424,0.9759585747749969,0.9773969506431595,0.976871483155465,0.0005182795895119304,2,0.9771606278796093,0.9767985777109921,0.9773768563170913,0.976025977196434,0.9775735967413053,0.9769871271690864,0.000545031748171145,2,0.9771102161584614,0.9766581737486644,0.9772335004520424,0.9759585747749969,0.9773969506431595,0.976871483155465,0.0005182795895119304,2,0.9770789739279176,0.9766291398560079,0.9772058594216528,0.9759254731610312,0.9773725744021085,0.9768424041537436,0.0005206514358302094,2
707.693794965744,137.29079587076447,50.11667671203613,6.513861167420558,0.7485955607773871,ovr,2,scale,sigmoid,"{'coef0': 0.7485955607773871, 'decision_function_shape': 'ovr', 'degree': 2, 'gamma': 'scale', 'kernel': 'sigmoid'}",0.5304923152790334,0.6598997287745542,0.6021615846141202,0.6549130810011096,0.5229934656639132,0.5940920350665462,0.05864281838007646,81,0.5360994107775154,0.6647028087892356,0.6537895223327181,0.6597720017280339,0.6096187461117836,0.6247964979478573,0.04848490980898623,81,0.5304923152790334,0.6598997287745542,0.6021615846141202,0.6549130810011096,0.5229934656639132,0.5940920350665462,0.05864281838007646,81,0.5223407781846706,0.6541742814359833,0.6139731455879566,0.648303442858366,0.5416229776318809,0.5960829251397715,0.05445261840338999,81
159.42128233909608,6.461553046481972,5.583948135375977,0.2404593880502992,-0.5807233976024122,ovo,1,scale,linear,"{'coef0': -0.5807233976024122, 'decision_function_shape': 'ovo', 'degree': 1, 'gamma': 'scale', 'kernel': 'linear'}",0.9655625873263746,0.9659735349716446,0.9660968192652256,0.9629309990547815,0.9660543295113632,0.9653236540258779,0.0012112723334489087,44,0.9655209010400521,0.9659644997052051,0.966209713479308,0.9629257589151581,0.9661038144047188,0.9653449375088885,0.0012321507350813627,44,0.9655625873263746,0.9659735349716446,0.9660968192652256,0.9629309990547815,0.9660543295113632,0.9653236540258779,0.0012112723334489087,44,0.9654727493203126,0.9658883972843058,0.9660217308502053,0.9628299403226322,0.9659733757234094,0.9652372387001732,0.001219170528091961,44
1194.6343284130096,153.18937157050667,62.56073470115662,1.6895377560054596,-7.048068512137844,ovo,4,auto,poly,"{'coef0': -7.048068512137844, 'decision_function_shape': 'ovo', 'degree': 4, 'gamma': 'auto', 'kernel': 'poly'}",0.12427056792964576,0.12907865537930469,0.12324319881647078,0.12612501541117002,0.12345374594172523,0.1252342366956633,0.002174216106414767,98,0.08370408916846306,0.08701140293669764,0.08309154144064529,0.09439023668473133,0.08312009211398037,0.08626347246890353,0.004315000022865161,98,0.12427056792964576,0.12907865537930469,0.12324319881647078,0.12612501541117002,0.12345374594172523,0.1252342366956633,0.002174216106414767,98,0.09985700933607561,0.10376398089648149,0.09906297891010567,0.10160313379921924,0.09906744595600735,0.10067090977957786,0.0018030586459377275,98
174.0797329425812,14.437059561935305,5.904917287826538,0.17704063874940573,1.041930925635615,ovo,4,auto,linear,"{'coef0': 1.041930925635615, 'decision_function_shape': 'ovo', 'degree': 4, 'gamma': 'auto', 'kernel': 'linear'}",0.9655625873263746,0.9659735349716446,0.9660968192652256,0.9629309990547815,0.9660543295113632,0.9653236540258779,0.0012112723334489087,44,0.9655209010400521,0.9659644997052051,0.966209713479308,0.9629257589151581,0.9661038144047188,0.9653449375088885,0.0012321507350813627,44,0.9655625873263746,0.9659735349716446,0.9660968192652256,0.9629309990547815,0.9660543295113632,0.9653236540258779,0.0012112723334489087,44,0.9654727493203126,0.9658883972843058,0.9660217308502053,0.9628299403226322,0.9659733757234094,0.9652372387001732,0.001219170528091961,44
1182.6237893104553,102.91204613686332,87.78436665534973,5.245348716749576,4.0407551355341536,ovr,2,auto,sigmoid,"{'coef0': 4.0407551355341536, 'decision_function_shape': 'ovr', 'degree': 2, 'gamma': 'auto', 'kernel': 'sigmoid'}",0.5470535053834141,0.46100106846387773,0.4616174899317827,0.4606501458924095,0.40348497924629106,0.466761437783555,0.04592976435223251,87,0.5429739817137401,0.5722020098108798,0.5743286573392865,0.5748215293618806,0.4362340741100871,0.5401120504671748,0.05329937002285683,87,0.5470535053834141,0.46100106846387773,0.4616174899317827,0.4606501458924095,0.40348497924629106,0.466761437783555,0.04592976435223251,87,0.5429951983979039,0.47610273237215767,0.47661360644417056,0.47548489664206806,0.3777831972222089,0.46979592621570176,0.05280737959213449,85
143.13817801475525,9.077467577985804,38.423146629333495,1.0272279068011871,-6.764876620618443,ovo,4,scale,rbf,"{'coef0': -6.764876620618443, 'decision_function_shape': 'ovo', 'degree': 4, 'gamma': 'scale', 'kernel': 'rbf'}",0.9703706747760336,0.9706172433631955,0.9699597271307635,0.9688899847943122,0.9698352032219619,0.9699345666572533,0.0005929410065407612,16,0.9704446430588464,0.9707727027043833,0.97012576756181,0.9689778394266052,0.9700297530960382,0.9700701411695366,0.0006052591122737424,16,0.9703706747760336,0.9706172433631955,0.9699597271307635,0.9688899847943122,0.9698352032219619,0.9699345666572533,0.0005929410065407612,16,0.970304549323404,0.9705616676564317,0.969902027326874,0.9688238726444042,0.9697822767197792,0.9698748787341787,0.0005950162718571677,16
131.230703830719,5.477359215043097,37.82042303085327,0.8980817300487924,2.5839341916631966,ovo,4,auto,rbf,"{'coef0': 2.5839341916631966, 'decision_function_shape': 'ovo', 'degree': 4, 'gamma': 'auto', 'kernel': 'rbf'}",0.9703706747760336,0.9706172433631955,0.9699186323662365,0.9688899847943122,0.9698352032219619,0.969926347704348,0.0005928200877933378,26,0.9704446430588464,0.9707727027043833,0.9700820286990828,0.9689778394266052,0.9700297530960382,0.9700613933969912,0.0006047077583710692,26,0.9703706747760336,0.9706172433631955,0.9699186323662365,0.9688899847943122,0.9698352032219619,0.969926347704348,0.0005928200877933378,26,0.970304549323404,0.9705616676564317,0.9698604157304185,0.9688238726444042,0.9697822767197792,0.9698665564148875,0.0005948693379683516,26
232.30949578285217,7.41492426881741,8.313459730148315,0.2782077160103314,-9.972017252790863,ovr,1,scale,poly,"{'coef0': -9.972017252790863, 'decision_function_shape': 'ovr', 'degree': 1, 'gamma': 'scale', 'kernel': 'poly'}",0.9603846469959727,0.9605079312895537,0.9593161831182707,0.9573829778490116,0.9599720544117043,0.9595127587329026,0.0011433388532724842,73,0.9603122761711856,0.960463008235505,0.9593683727984411,0.9573242902657474,0.9599841303451798,0.9594904155632117,0.0011464849664796707,72,0.9603846469959727,0.9605079312895537,0.9593161831182707,0.9573829778490116,0.9599720544117043,0.9595127587329026,0.0011433388532724842,73,0.9602136342713996,0.9603411717776543,0.959151903938737,0.9571910665250267,0.9598074771582934,0.9593410507342222,0.001152163734021591,73
1040.867989873886,43.482269182071654,94.85685782432556,11.948823543385513,2.578333242406492,ovr,2,scale,sigmoid,"{'coef0': 2.578333242406492, 'decision_function_shape': 'ovr', 'degree': 2, 'gamma': 'scale', 'kernel': 'sigmoid'}",0.4843428947152133,0.4840141365989973,0.48237034601791734,0.4551021246866395,0.45317059137796406,0.47180001867934634,0.014450712516827448,84,0.5929129749395041,0.5930709624788786,0.5873708383548258,0.5715029584583802,0.4706603924311634,0.5631036253325504,0.046886749415412717,83,0.4843428947152133,0.4840141365989973,0.48237034601791734,0.4551021246866395,0.45317059137796406,0.47180001867934634,0.014450712516827448,84,0.4531077513357385,0.45314440296459874,0.4499670304979193,0.4688846804499417,0.4363869937981988,0.4522981718092794,0.010344888598515546,87
152.63942432403564,4.487010860861157,5.691200113296508,0.4876499284572756,2.7435453016481226,ovr,4,scale,linear,"{'coef0': 2.7435453016481226, 'decision_function_shape': 'ovr', 'degree': 4, 'gamma': 'scale', 'kernel': 'linear'}",0.9655625873263746,0.9659735349716446,0.9660968192652256,0.9629309990547815,0.9660543295113632,0.9653236540258779,0.0012112723334489087,44,0.9655209010400521,0.9659644997052051,0.966209713479308,0.9629257589151581,0.9661038144047188,0.9653449375088885,0.0012321507350813627,44,0.9655625873263746,0.9659735349716446,0.9660968192652256,0.9629309990547815,0.9660543295113632,0.9653236540258779,0.0012112723334489087,44,0.9654727493203126,0.9658883972843058,0.9660217308502053,0.9628299403226322,0.9659733757234094,0.9652372387001732,0.001219170528091961,44
163.26616921424866,3.718243651882212,5.7840827941894535,0.17303780990437143,6.0225075725190536,ovr,1,auto,linear,"{'coef0': 6.0225075725190536, 'decision_function_shape': 'ovr', 'degree': 1, 'gamma': 'auto', 'kernel': 'linear'}",0.9655625873263746,0.9659735349716446,0.9660968192652256,0.9629309990547815,0.9660543295113632,0.9653236540258779,0.0012112723334489087,44,0.9655209010400521,0.9659644997052051,0.966209713479308,0.9629257589151581,0.9661038144047188,0.9653449375088885,0.0012321507350813627,44,0.9655625873263746,0.9659735349716446,0.9660968192652256,0.9629309990547815,0.9660543295113632,0.9653236540258779,0.0012112723334489087,44,0.9654727493203126,0.9658883972843058,0.9660217308502053,0.9628299403226322,0.9659733757234094,0.9652372387001732,0.001219170528091961,44
141.70799446105957,5.455272196643042,39.6308090209961,1.675491533921467,-6.869998564859012,ovr,3,auto,rbf,"{'coef0': -6.869998564859012, 'decision_function_shape': 'ovr', 'degree': 3, 'gamma': 'auto', 'kernel': 'rbf'}",0.9703706747760336,0.9706172433631955,0.9699186323662365,0.9688899847943122,0.9698352032219619,0.969926347704348,0.0005928200877933378,26,0.9704446430588464,0.9707727027043833,0.9700820286990828,0.9689778394266052,0.9700297530960382,0.9700613933969912,0.0006047077583710692,26,0.9703706747760336,0.9706172433631955,0.9699186323662365,0.9688899847943122,0.9698352032219619,0.969926347704348,0.0005928200877933378,26,0.970304549323404,0.9705616676564317,0.9698604157304185,0.9688238726444042,0.9697822767197792,0.9698665564148875,0.0005948693379683516,26
242.77794737815856,11.942572694336429,8.586073732376098,0.4543375188462689,6.132478451568115,ovo,1,scale,poly,"{'coef0': 6.132478451568115, 'decision_function_shape': 'ovo', 'degree': 1, 'gamma': 'scale', 'kernel': 'poly'}",0.9603435522314457,0.9605079312895537,0.9593161831182707,0.9573829778490116,0.9600131508650803,0.9595127590706725,0.0011406653432390439,72,0.9602718077969189,0.960463008235505,0.9593683727984411,0.9573242902657474,0.9600242396374202,0.9594903437468064,0.0011444187770445634,73,0.9603435522314457,0.9605079312895537,0.9593161831182707,0.9573829778490116,0.9600131508650803,0.9595127590706725,0.0011406653432390439,72,0.9601725094163555,0.9603411717776543,0.959151903938737,0.9571910665250267,0.9598486063868418,0.959341051608923,0.001149555304641323,72
177.09080262184142,6.252732134064271,4.2815478324890135,0.10088504962378923,7.339084839039515,ovo,3,scale,poly,"{'coef0': 7.339084839039515, 'decision_function_shape': 'ovo', 'degree': 3, 'gamma': 'scale', 'kernel': 'poly'}",0.9763294156324485,0.9753020465192734,0.9760828470452865,0.9741092343730736,0.975999671228373,0.9755646429596909,0.0008037205178911909,8,0.9764357172343086,0.9754948604720467,0.9762817300955973,0.974244703249687,0.9762318760217874,0.9757377774146854,0.0008142993365628436,8,0.9763294156324485,0.9753020465192734,0.9760828470452865,0.9741092343730736,0.975999671228373,0.9755646429596909,0.0008037205178911909,8,0.9762978103740386,0.975270133583881,0.9760550563619215,0.9740734141471878,0.9759703780794854,0.9755333585093029,0.0008060107083013376,8
418.5512701511383,27.022179303841728,37.11013078689575,2.6063121440724344,-2.3338566580928806,ovo,1,auto,sigmoid,"{'coef0': -2.3338566580928806, 'decision_function_shape': 'ovo', 'degree': 1, 'gamma': 'auto', 'kernel': 'sigmoid'}",0.7599654803977973,0.8089915344785075,0.7984301799950686,0.7712571405087741,0.8104631570295483,0.7898214984819392,0.02051192310777674,76,0.7612055678869539,0.8148675792008265,0.8075097330703592,0.7765875922584481,0.8154716267842478,0.7951284198401671,0.022141813703461525,76,0.7599654803977973,0.8089915344785075,0.7984301799950686,0.7712571405087741,0.8104631570295483,0.7898214984819392,0.02051192310777674,76,0.7605427626957654,0.8106816191615299,0.8003058822295165,0.7735669068567065,0.8110328873521349,0.7912260116591306,0.02052599711074398,76
146.51309847831726,7.418929679524447,40.25799813270569,1.8272455755785424,-4.620428908542886,ovr,2,auto,rbf,"{'coef0': -4.620428908542886, 'decision_function_shape': 'ovr', 'degree': 2, 'gamma': 'auto', 'kernel': 'rbf'}",0.9703706747760336,0.9706172433631955,0.9699186323662365,0.9688899847943122,0.9698352032219619,0.969926347704348,0.0005928200877933378,26,0.9704446430588464,0.9707727027043833,0.9700820286990828,0.9689778394266052,0.9700297530960382,0.9700613933969912,0.0006047077583710692,26,0.9703706747760336,0.9706172433631955,0.9699186323662365,0.9688899847943122,0.9698352032219619,0.969926347704348,0.0005928200877933378,26,0.970304549323404,0.9705616676564317,0.9698604157304185,0.9688238726444042,0.9697822767197792,0.9698665564148875,0.0005948693379683516,26
147.5013659477234,4.7192087288687,5.919133949279785,0.2488313138542784,0.3108324685341657,ovo,3,auto,poly,"{'coef0': 0.3108324685341657, 'decision_function_shape': 'ovo', 'degree': 3, 'gamma': 'auto', 'kernel': 'poly'}",0.9734938768800855,0.9724665077669105,0.9724665077669105,0.9711091932766203,0.9730407265852957,0.9725153624551645,0.0008019455428922281,15,0.9735662844371781,0.9726161645327406,0.9726110396444246,0.9711713693990116,0.9732095307821149,0.9726348777590939,0.0008173762484228775,15,0.9734938768800855,0.9724665077669105,0.9724665077669105,0.9711091932766203,0.9730407265852957,0.9725153624551645,0.0008019455428922281,15,0.9734405517528362,0.9724132583651225,0.9724124529902343,0.971041726156754,0.9729902497326582,0.972459647799521,0.000807290789214496,15
979.961782836914,70.6098289410524,88.83587522506714,13.553855484272786,2.742219102330525,ovr,2,auto,sigmoid,"{'coef0': 2.742219102330525, 'decision_function_shape': 'ovr', 'degree': 2, 'gamma': 'auto', 'kernel': 'sigmoid'}",0.5164790005753267,0.4832744308375113,0.4821648721952823,0.454239099165742,0.4522664694036905,0.47768477443551055,0.023461020591452626,83,0.5040938704380894,0.5930781995392271,0.5878210057716693,0.570887854301431,0.46962738508071245,0.5451016630262258,0.04933482268178474,85,0.5164790005753267,0.4832744308375113,0.4821648721952823,0.454239099165742,0.4522664694036905,0.47768477443551055,0.023461020591452626,83,0.5054142093766247,0.452142973925988,0.44930241498936085,0.4678460885007128,0.4352918893798199,0.4619995152345012,0.024044471823712523,86
168.54403834342958,1.7574315250838326,5.644763946533203,0.1631936380367627,-0.7865567373691817,ovo,2,scale,linear,"{'coef0': -0.7865567373691817, 'decision_function_shape': 'ovo', 'degree': 2, 'gamma': 'scale', 'kernel': 'linear'}",0.9655625873263746,0.9659735349716446,0.9660968192652256,0.9629309990547815,0.9660543295113632,0.9653236540258779,0.0012112723334489087,44,0.9655209010400521,0.9659644997052051,0.966209713479308,0.9629257589151581,0.9661038144047188,0.9653449375088885,0.0012321507350813627,44,0.9655625873263746,0.9659735349716446,0.9660968192652256,0.9629309990547815,0.9660543295113632,0.9653236540258779,0.0012112723334489087,44,0.9654727493203126,0.9658883972843058,0.9660217308502053,0.9628299403226322,0.9659733757234094,0.9652372387001732,0.001219170528091961,44
820.8245966911315,92.49024004563722,69.90464534759522,11.224832581114944,1.2566239799153056,ovo,3,scale,sigmoid,"{'coef0': 1.2566239799153056, 'decision_function_shape': 'ovo', 'degree': 3, 'gamma': 'scale', 'kernel': 'sigmoid'}",0.5639845483685378,0.5102325963672228,0.5653817703624558,0.4823490732749764,0.483828545596515,0.5211553067939416,0.036902142154938276,82,0.6267599592464468,0.6073945867719761,0.6278683850267551,0.5904350809925558,0.5907799937254125,0.6086476011526292,0.01643175814845674,82,0.5639845483685378,0.5102325963672228,0.5653817703624558,0.4823490732749764,0.483828545596515,0.5211553067939416,0.036902142154938276,82,0.574801293820697,0.4892865849929265,0.5764138311380302,0.4997373599484008,0.5008934838510182,0.5282265107502144,0.038900571088569584,82
391.63443579673765,13.413829247464646,39.09920783042908,0.6706349667328152,-1.7259653617385986,ovr,4,auto,sigmoid,"{'coef0': -1.7259653617385986, 'decision_function_shape': 'ovr', 'degree': 4, 'gamma': 'auto', 'kernel': 'sigmoid'}",0.7325963672228158,0.7314046190515329,0.727212953069779,0.7635310072740722,0.7295442403320593,0.7368578373900518,0.013460075819799341,77,0.7308622753761959,0.7296027147083474,0.7250249587121645,0.7685557978220783,0.7277668769369009,0.7363625247111374,0.01621591916023126,78,0.7325963672228158,0.7314046190515329,0.727212953069779,0.7635310072740722,0.7295442403320593,0.7368578373900518,0.013460075819799341,77,0.7312171469532022,0.7298413845456199,0.7254319895761266,0.7628265925639162,0.7281307615407487,0.7354895750359227,0.013804168835539818,77
346.22578744888307,21.246136995639358,4.058155965805054,0.09517437845349329,5.287025934181461,ovr,4,scale,poly,"{'coef0': 5.287025934181461, 'decision_function_shape': 'ovr', 'degree': 4, 'gamma': 'scale', 'kernel': 'poly'}",0.9770280266294075,0.9770280266294075,0.9766170789841374,0.9761640570418773,0.9775613364566638,0.9768797051482986,0.0004668499712727293,1,0.9770744706945594,0.9771691300885544,0.9767909861805849,0.976248161118612,0.9777308776055459,0.9770027251375714,0.00048523072736388035,1,0.9770280266294075,0.9770280266294075,0.9766170789841374,0.9761640570418773,0.9775613364566638,0.9768797051482986,0.0004668499712727293,1,0.9769978359780962,0.9770013688289874,0.9765910358364562,0.9761328283599795,0.9775379634036918,0.9768522064814423,0.0004689210807962744,1
142.5026149749756,3.4108771702259943,39.7816668510437,0.6056420814461445,1.0145445763260028,ovr,1,auto,rbf,"{'coef0': 1.0145445763260028, 'decision_function_shape': 'ovr', 'degree': 1, 'gamma': 'auto', 'kernel': 'rbf'}",0.9703706747760336,0.9706172433631955,0.9699186323662365,0.9688899847943122,0.9698352032219619,0.969926347704348,0.0005928200877933378,26,0.9704446430588464,0.9707727027043833,0.9700820286990828,0.9689778394266052,0.9700297530960382,0.9700613933969912,0.0006047077583710692,26,0.9703706747760336,0.9706172433631955,0.9699186323662365,0.9688899847943122,0.9698352032219619,0.969926347704348,0.0005928200877933378,26,0.970304549323404,0.9705616676564317,0.9698604157304185,0.9688238726444042,0.9697822767197792,0.9698665564148875,0.0005948693379683516,26
1826.5687637805938,25.78711291659674,149.5083915233612,3.753640464765349,9.287692102682875,ovo,3,scale,sigmoid,"{'coef0': 9.287692102682875, 'decision_function_shape': 'ovo', 'degree': 3, 'gamma': 'scale', 'kernel': 'sigmoid'}",0.334675762307882,0.334675762307882,0.334675762307882,0.3346484198413677,0.3346484198413677,0.3346648253212763,1.339501825384041e-05,91,0.11200786587636191,0.11200786587636191,0.11200786587636191,0.11199416746540593,0.11198956490232428,0.11200146599936318,7.972201520923285e-06,94,0.334675762307882,0.334675762307882,0.334675762307882,0.3346484198413677,0.3346484198413677,0.3346648253212763,1.339501825384041e-05,91,0.1678428110250256,0.1678428110250256,0.1678428110250256,0.1678239927801852,0.1678188251489258,0.16783425020083756,1.0611409305608992e-05,94
1834.1774887084962,79.84459037062419,151.537535238266,3.644218786169858,6.530939587932593,ovr,5,auto,sigmoid,"{'coef0': 6.530939587932593, 'decision_function_shape': 'ovr', 'degree': 5, 'gamma': 'auto', 'kernel': 'sigmoid'}",0.3410454508095669,0.3401002712254459,0.3428125256842278,0.34775818846833517,0.3450458225455143,0.34335245174661805,0.0027737509744869323,90,0.4131804186935493,0.39013198538097876,0.42798812569979344,0.4864703560792739,0.4393296461517098,0.4314201064010611,0.03206950091682456,90,0.3410454508095669,0.3401002712254459,0.3428125256842278,0.34775818846833517,0.3450458225455143,0.34335245174661805,0.0027737509744869323,90,0.22358071249750083,0.22053205802589138,0.22409585048891678,0.2462585628631518,0.22649362394832398,0.22819216156475694,0.00923040951491503,90
144.2984375,8.713989314250757,39.10238375663757,1.088590720116473,-5.3329246202521325,ovo,2,scale,rbf,"{'coef0': -5.3329246202521325, 'decision_function_shape': 'ovo', 'degree': 2, 'gamma': 'scale', 'kernel': 'rbf'}",0.9703706747760336,0.9706172433631955,0.9699597271307635,0.9688899847943122,0.9698352032219619,0.9699345666572533,0.0005929410065407612,16,0.9704446430588464,0.9707727027043833,0.97012576756181,0.9689778394266052,0.9700297530960382,0.9700701411695366,0.0006052591122737424,16,0.9703706747760336,0.9706172433631955,0.9699597271307635,0.9688899847943122,0.9698352032219619,0.9699345666572533,0.0005929410065407612,16,0.970304549323404,0.9705616676564317,0.969902027326874,0.9688238726444042,0.9697822767197792,0.9698748787341787,0.0005950162718571677,16
153.30846581459045,8.355523325648596,5.6501699924469,0.23011296340303314,0.5105298713993633,ovo,3,auto,linear,"{'coef0': 0.5105298713993633, 'decision_function_shape': 'ovo', 'degree': 3, 'gamma': 'auto', 'kernel': 'linear'}",0.9655625873263746,0.9659735349716446,0.9660968192652256,0.9629309990547815,0.9660543295113632,0.9653236540258779,0.0012112723334489087,44,0.9655209010400521,0.9659644997052051,0.966209713479308,0.9629257589151581,0.9661038144047188,0.9653449375088885,0.0012321507350813627,44,0.9655625873263746,0.9659735349716446,0.9660968192652256,0.9629309990547815,0.9660543295113632,0.9653236540258779,0.0012112723334489087,44,0.9654727493203126,0.9658883972843058,0.9660217308502053,0.9628299403226322,0.9659733757234094,0.9652372387001732,0.001219170528091961,44
149.63099703788757,11.743274580257845,5.6843061447143555,0.19164990497638104,-6.255007541700155,ovr,3,auto,linear,"{'coef0': -6.255007541700155, 'decision_function_shape': 'ovr', 'degree': 3, 'gamma': 'auto', 'kernel': 'linear'}",0.9655625873263746,0.9659735349716446,0.9660968192652256,0.9629309990547815,0.9660543295113632,0.9653236540258779,0.0012112723334489087,44,0.9655209010400521,0.9659644997052051,0.966209713479308,0.9629257589151581,0.9661038144047188,0.9653449375088885,0.0012321507350813627,44,0.9655625873263746,0.9659735349716446,0.9660968192652256,0.9629309990547815,0.9660543295113632,0.9653236540258779,0.0012112723334489087,44,0.9654727493203126,0.9658883972843058,0.9660217308502053,0.9628299403226322,0.9659733757234094,0.9652372387001732,0.001219170528091961,44
1747.3053107738494,133.4282300038296,150.48612537384034,3.6157501101969136,7.5027197493163165,ovr,3,auto,sigmoid,"{'coef0': 7.5027197493163165, 'decision_function_shape': 'ovr', 'degree': 3, 'gamma': 'auto', 'kernel': 'sigmoid'}",0.334716857072409,0.333853867017342,0.33442919372072,0.3333744297867094,0.33423745530760696,0.33412236058095746,0.00046739891244946944,93,0.2852854800251994,0.21163021135172289,0.2740417783361812,0.24155089192174722,0.2588986286394001,0.25428139805485017,0.025900710644875542,93,0.334716857072409,0.333853867017342,0.33442919372072,0.3333744297867094,0.33423745530760696,0.33412236058095746,0.00046739891244946944,93,0.1696591877263472,0.16861992907694942,0.16911902416677171,0.1684984422574766,0.16904276374835558,0.1689878693951801,0.0004112912026248836,93
205.2987657546997,17.09698464528924,8.759784030914307,0.3602746996109901,5.596178408533376,ovr,1,scale,poly,"{'coef0': 5.596178408533376, 'decision_function_shape': 'ovr', 'degree': 1, 'gamma': 'scale', 'kernel': 'poly'}",0.9603846469959727,0.9605079312895537,0.9593161831182707,0.9573829778490116,0.9600131508650803,0.9595209780235777,0.00114675373543718,69,0.9603122761711856,0.960463008235505,0.9593683727984411,0.9573242902657474,0.9600242396374202,0.9594984374216597,0.0011500461727274615,70,0.9603846469959727,0.9605079312895537,0.9593161831182707,0.9573829778490116,0.9600131508650803,0.9595209780235777,0.00114675373543718,69,0.9602136342713996,0.9603411717776543,0.959151903938737,0.9571910665250267,0.9598486063868418,0.9593492765799319,0.0011556060884850786,70
180.97022819519043,13.156847180373767,6.2194568634033205,0.1878243197908746,-7.089466366771697,ovo,3,auto,linear,"{'coef0': -7.089466366771697, 'decision_function_shape': 'ovo', 'degree': 3, 'gamma': 'auto', 'kernel': 'linear'}",0.9655625873263746,0.9659735349716446,0.9660968192652256,0.9629309990547815,0.9660543295113632,0.9653236540258779,0.0012112723334489087,44,0.9655209010400521,0.9659644997052051,0.966209713479308,0.9629257589151581,0.9661038144047188,0.9653449375088885,0.0012321507350813627,44,0.9655625873263746,0.9659735349716446,0.9660968192652256,0.9629309990547815,0.9660543295113632,0.9653236540258779,0.0012112723334489087,44,0.9654727493203126,0.9658883972843058,0.9660217308502053,0.9628299403226322,0.9659733757234094,0.9652372387001732,0.001219170528091961,44
147.44746322631835,3.1090586074002524,41.00919055938721,0.8500402337154561,1.8956213893035372,ovo,2,auto,rbf,"{'coef0': 1.8956213893035372, 'decision_function_shape': 'ovo', 'degree': 2, 'gamma': 'auto', 'kernel': 'rbf'}",0.9703706747760336,0.9706172433631955,0.9699186323662365,0.9688899847943122,0.9698352032219619,0.969926347704348,0.0005928200877933378,26,0.9704446430588464,0.9707727027043833,0.9700820286990828,0.9689778394266052,0.9700297530960382,0.9700613933969912,0.0006047077583710692,26,0.9703706747760336,0.9706172433631955,0.9699186323662365,0.9688899847943122,0.9698352032219619,0.969926347704348,0.0005928200877933378,26,0.970304549323404,0.9705616676564317,0.9698604157304185,0.9688238726444042,0.9697822767197792,0.9698665564148875,0.0005948693379683516,26
126.65305995941162,13.045826619744993,41.139759159088136,1.5051223717445723,-8.58721279505434,ovr,2,auto,rbf,"{'coef0': -8.58721279505434, 'decision_function_shape': 'ovr', 'degree': 2, 'gamma': 'auto', 'kernel': 'rbf'}",0.9703706747760336,0.9706172433631955,0.9699186323662365,0.9688899847943122,0.9698352032219619,0.969926347704348,0.0005928200877933378,26,0.9704446430588464,0.9707727027043833,0.9700820286990828,0.9689778394266052,0.9700297530960382,0.9700613933969912,0.0006047077583710692,26,0.9703706747760336,0.9706172433631955,0.9699186323662365,0.9688899847943122,0.9698352032219619,0.969926347704348,0.0005928200877933378,26,0.970304549323404,0.9705616676564317,0.9698604157304185,0.9688238726444042,0.9697822767197792,0.9698665564148875,0.0005948693379683516,26
131.16899495124818,14.237043752790134,6.011427402496338,0.24285353890336245,-2.2145754356254237,ovr,3,auto,linear,"{'coef0': -2.2145754356254237, 'decision_function_shape': 'ovr', 'degree': 3, 'gamma': 'auto', 'kernel': 'linear'}",0.9655625873263746,0.9659735349716446,0.9660968192652256,0.9629309990547815,0.9660543295113632,0.9653236540258779,0.0012112723334489087,44,0.9655209010400521,0.9659644997052051,0.966209713479308,0.9629257589151581,0.9661038144047188,0.9653449375088885,0.0012321507350813627,44,0.9655625873263746,0.9659735349716446,0.9660968192652256,0.9629309990547815,0.9660543295113632,0.9653236540258779,0.0012112723334489087,44,0.9654727493203126,0.9658883972843058,0.9660217308502053,0.9628299403226322,0.9659733757234094,0.9652372387001732,0.001219170528091961,44
146.26706681251525,18.512803834969763,39.51162385940552,1.622670392782861,-1.5157209538035605,ovo,1,auto,rbf,"{'coef0': -1.5157209538035605, 'decision_function_shape': 'ovo', 'degree': 1, 'gamma': 'auto', 'kernel': 'rbf'}",0.9703706747760336,0.9706172433631955,0.9699186323662365,0.9688899847943122,0.9698352032219619,0.969926347704348,0.0005928200877933378,26,0.9704446430588464,0.9707727027043833,0.9700820286990828,0.9689778394266052,0.9700297530960382,0.9700613933969912,0.0006047077583710692,26,0.9703706747760336,0.9706172433631955,0.9699186323662365,0.9688899847943122,0.9698352032219619,0.969926347704348,0.0005928200877933378,26,0.970304549323404,0.9705616676564317,0.9698604157304185,0.9688238726444042,0.9697822767197792,0.9698665564148875,0.0005948693379683516,26
2248.505660867691,140.23436069721163,146.3755879878998,3.5683271282467173,6.737382982801801,ovo,1,scale,sigmoid,"{'coef0': 6.737382982801801, 'decision_function_shape': 'ovo', 'degree': 1, 'gamma': 'scale', 'kernel': 'sigmoid'}",0.332908687433221,0.33179912879099205,0.33463466754335497,0.33505938437512844,0.33596350634940203,0.33407307489841964,0.0015092085887743456,94,0.3451024422036607,0.32551789984388396,0.3440297106095931,0.45002673570328355,0.3937891744183035,0.37169319255574496,0.045230233895516815,91,0.332908687433221,0.33179912879099205,0.33463466754335497,0.33505938437512844,0.33596350634940203,0.33407307489841964,0.0015092085887743456,94,0.1912843493637376,0.18975005713367427,0.19240794147929646,0.20264064594720316,0.19350709178587772,0.19391801714195783,0.00453522960887349,91
175.1485839366913,5.298742967097308,5.819515371322632,0.1890825083672844,-8.514980674338656,ovo,5,auto,linear,"{'coef0': -8.514980674338656, 'decision_function_shape': 'ovo', 'degree': 5, 'gamma': 'auto', 'kernel': 'linear'}",0.9655625873263746,0.9659735349716446,0.9660968192652256,0.9629309990547815,0.9660543295113632,0.9653236540258779,0.0012112723334489087,44,0.9655209010400521,0.9659644997052051,0.966209713479308,0.9629257589151581,0.9661038144047188,0.9653449375088885,0.0012321507350813627,44,0.9655625873263746,0.9659735349716446,0.9660968192652256,0.9629309990547815,0.9660543295113632,0.9653236540258779,0.0012112723334489087,44,0.9654727493203126,0.9658883972843058,0.9660217308502053,0.9628299403226322,0.9659733757234094,0.9652372387001732,0.001219170528091961,44
173.8230453491211,7.633767709304532,5.792250776290894,0.2811058784260695,8.428303681681072,ovr,1,auto,linear,"{'coef0': 8.428303681681072, 'decision_function_shape': 'ovr', 'degree': 1, 'gamma': 'auto', 'kernel': 'linear'}",0.9655625873263746,0.9659735349716446,0.9660968192652256,0.9629309990547815,0.9660543295113632,0.9653236540258779,0.0012112723334489087,44,0.9655209010400521,0.9659644997052051,0.966209713479308,0.9629257589151581,0.9661038144047188,0.9653449375088885,0.0012321507350813627,44,0.9655625873263746,0.9659735349716446,0.9660968192652256,0.9629309990547815,0.9660543295113632,0.9653236540258779,0.0012112723334489087,44,0.9654727493203126,0.9658883972843058,0.9660217308502053,0.9628299403226322,0.9659733757234094,0.9652372387001732,0.001219170528091961,44
148.09831242561341,9.674676273811786,39.50478162765503,1.0309827440879236,5.0922476493798,ovr,1,scale,rbf,"{'coef0': 5.0922476493798, 'decision_function_shape': 'ovr', 'degree': 1, 'gamma': 'scale', 'kernel': 'rbf'}",0.9703706747760336,0.9706172433631955,0.9699597271307635,0.9688899847943122,0.9698352032219619,0.9699345666572533,0.0005929410065407612,16,0.9704446430588464,0.9707727027043833,0.97012576756181,0.9689778394266052,0.9700297530960382,0.9700701411695366,0.0006052591122737424,16,0.9703706747760336,0.9706172433631955,0.9699597271307635,0.9688899847943122,0.9698352032219619,0.9699345666572533,0.0005929410065407612,16,0.970304549323404,0.9705616676564317,0.969902027326874,0.9688238726444042,0.9697822767197792,0.9698748787341787,0.0005950162718571677,16
129.26406393051147,6.798073641252336,38.70053186416626,1.01425139202909,-8.404180019126093,ovr,5,auto,rbf,"{'coef0': -8.404180019126093, 'decision_function_shape': 'ovr', 'degree': 5, 'gamma': 'auto', 'kernel': 'rbf'}",0.9703706747760336,0.9706172433631955,0.9699186323662365,0.9688899847943122,0.9698352032219619,0.969926347704348,0.0005928200877933378,26,0.9704446430588464,0.9707727027043833,0.9700820286990828,0.9689778394266052,0.9700297530960382,0.9700613933969912,0.0006047077583710692,26,0.9703706747760336,0.9706172433631955,0.9699186323662365,0.9688899847943122,0.9698352032219619,0.969926347704348,0.0005928200877933378,26,0.970304549323404,0.9705616676564317,0.9698604157304185,0.9688238726444042,0.9697822767197792,0.9698665564148875,0.0005948693379683516,26
164.04959526062012,0.8814306028003754,5.809834766387939,0.23158587544354642,-4.126836786296892,ovo,1,scale,linear,"{'coef0': -4.126836786296892, 'decision_function_shape': 'ovo', 'degree': 1, 'gamma': 'scale', 'kernel': 'linear'}",0.9655625873263746,0.9659735349716446,0.9660968192652256,0.9629309990547815,0.9660543295113632,0.9653236540258779,0.0012112723334489087,44,0.9655209010400521,0.9659644997052051,0.966209713479308,0.9629257589151581,0.9661038144047188,0.9653449375088885,0.0012321507350813627,44,0.9655625873263746,0.9659735349716446,0.9660968192652256,0.9629309990547815,0.9660543295113632,0.9653236540258779,0.0012112723334489087,44,0.9654727493203126,0.9658883972843058,0.9660217308502053,0.9628299403226322,0.9659733757234094,0.9652372387001732,0.001219170528091961,44
127.84494895935059,6.857184372921833,38.51043486595154,0.9358293398034374,1.9927551209978578,ovo,5,scale,rbf,"{'coef0': 1.9927551209978578, 'decision_function_shape': 'ovo', 'degree': 5, 'gamma': 'scale', 'kernel': 'rbf'}",0.9703706747760336,0.9706172433631955,0.9699597271307635,0.9688899847943122,0.9698352032219619,0.9699345666572533,0.0005929410065407612,16,0.9704446430588464,0.9707727027043833,0.97012576756181,0.9689778394266052,0.9700297530960382,0.9700701411695366,0.0006052591122737424,16,0.9703706747760336,0.9706172433631955,0.9699597271307635,0.9688899847943122,0.9698352032219619,0.9699345666572533,0.0005929410065407612,16,0.970304549323404,0.9705616676564317,0.969902027326874,0.9688238726444042,0.9697822767197792,0.9698748787341787,0.0005950162718571677,16
707.5680591106415,15.955366720694483,4.018479108810425,0.09776550249539194,3.6678724463115273,ovr,5,scale,poly,"{'coef0': 3.6678724463115273, 'decision_function_shape': 'ovr', 'degree': 5, 'gamma': 'scale', 'kernel': 'poly'}",0.9766992685131914,0.9765759842196104,0.9759184679871784,0.9739037521061933,0.9761640570418773,0.9758523059736103,0.0010138524608658164,6,0.9767858411694432,0.9766981837976236,0.9761483313102861,0.9740811570234283,0.9764405929694954,0.9760308212540554,0.0009998339783650727,6,0.9766992685131914,0.9765759842196104,0.9759184679871784,0.9739037521061933,0.9761640570418773,0.9758523059736103,0.0010138524608658164,6,0.9766704439989831,0.9765485317171321,0.9758954603255846,0.9738721066913938,0.976141247123204,0.9758255579712595,0.0010155827213642577,6
234.63927187919617,14.333177324918458,8.384405708312988,0.2711136517182073,0.2715744953996495,ovr,1,auto,poly,"{'coef0': 0.2715744953996495, 'decision_function_shape': 'ovr', 'degree': 1, 'gamma': 'auto', 'kernel': 'poly'}",0.9603846469959727,0.9605079312895537,0.9593572778827977,0.9573829778490116,0.9600131508650803,0.9595291969764832,0.0011454029575318039,68,0.9603122761711856,0.960463008235505,0.9594121590463183,0.9573242902657474,0.9600242396374202,0.9595071946712352,0.0011491888184074304,68,0.9603846469959727,0.9605079312895537,0.9593572778827977,0.9573829778490116,0.9600131508650803,0.9595291969764832,0.0011454029575318039,68,0.9602136342713996,0.9603411717776543,0.9591936927787176,0.9571910665250267,0.9598486063868418,0.959357634347928,0.0011542987704227672,68
1415.9432209491729,236.7742646970242,62.810634756088255,2.561466513685372,-9.488351471654997,ovo,4,scale,poly,"{'coef0': -9.488351471654997, 'decision_function_shape': 'ovo', 'degree': 4, 'gamma': 'scale', 'kernel': 'poly'}",0.12303772499383578,0.1275992438563327,0.1221336401742418,0.12497431471663996,0.12217975588706695,0.12398493592562343,0.002079676498404775,99,0.08292539038020003,0.08610307772110934,0.08242571651622446,0.09296018869751616,0.0823268330943909,0.08534824128188818,0.004050969919450549,99,0.12303772499383578,0.1275992438563327,0.1221336401742418,0.12497431471663996,0.12217975588706695,0.12398493592562343,0.002079676498404775,99,0.09889432533189926,0.10262913789628286,0.09821722868330546,0.1007215091970045,0.09807279631282943,0.0997069994842643,0.0017388846528207742,99
117.8674524307251,10.46505468019754,5.304003095626831,0.06616445439107273,7.680969214680509,ovr,2,auto,poly,"{'coef0': 7.680969214680509, 'decision_function_shape': 'ovr', 'degree': 2, 'gamma': 'auto', 'kernel': 'poly'}",0.9741924878770445,0.9726719815895455,0.9730007397057615,0.970944807463116,0.9732051123988,0.9728030258068534,0.001058443882086961,12,0.9743179655444429,0.9728365529209589,0.9731975619822634,0.9710576884966444,0.9733859060734936,0.9729591350035607,0.0010691984469478435,12,0.9741924878770445,0.9726719815895455,0.9730007397057615,0.970944807463116,0.9732051123988,0.9728030258068534,0.001058443882086961,12,0.974151608423465,0.9726270129241841,0.972957494155378,0.9708899867218326,0.9731624197493846,0.972757704394849,0.0010632147924294097,12
2244.545626783371,27.367300769938407,4.041728353500366,0.44166087569989954,6.139904567947571,ovo,5,auto,poly,"{'coef0': 6.139904567947571, 'decision_function_shape': 'ovo', 'degree': 5, 'gamma': 'auto', 'kernel': 'poly'}",0.9672885674365086,0.9597682255280677,0.8397715131092299,0.9639173139358074,0.9634652529486706,0.9388421745916569,0.049592643489023105,74,0.9676731594173948,0.960109559575137,0.8601575363822774,0.9643301577092244,0.9634124213570103,0.9431365668882087,0.04155941511553494,74,0.9672885674365086,0.9597682255280677,0.8397715131092299,0.9639173139358074,0.9634652529486706,0.9388421745916569,0.049592643489023105,74,0.9672493976493656,0.9596805943870392,0.834909496936385,0.9638832749439085,0.9634049003469944,0.9378255328527386,0.05151393587616955,74
1777.5293134689332,168.12345399068118,82.9390627861023,5.278598954871348,7.380701825542015,ovo,5,scale,sigmoid,"{'coef0': 7.380701825542015, 'decision_function_shape': 'ovo', 'degree': 5, 'gamma': 'scale', 'kernel': 'sigmoid'}",0.334511383249774,0.333442919372072,0.33463466754335497,0.33325114042658116,0.33378539432047016,0.3339251009824505,0.0005573959972924744,95,0.27193895557008857,0.21196683256363819,0.291089284790721,0.28720495607390734,0.24709842199650967,0.2618596901989729,0.029344626679020016,92,0.334511383249774,0.333442919372072,0.33463466754335497,0.33325114042658116,0.33378539432047016,0.3339251009824505,0.0005573959972924744,95,0.17051357301551462,0.168964628513974,0.17033620947523478,0.16938118765681026,0.16922577095665547,0.16968427392363783,0.0006217286737387938,92
244.04330396652222,13.055199368382432,8.337915182113647,0.37037936857841985,-6.929051628483231,ovo,1,auto,poly,"{'coef0': -6.929051628483231, 'decision_function_shape': 'ovo', 'degree': 1, 'gamma': 'auto', 'kernel': 'poly'}",0.9603846469959727,0.9605079312895537,0.9593572778827977,0.9573829778490116,0.9599720544117043,0.9595209776858079,0.0011420431895124926,71,0.9603122761711856,0.960463008235505,0.9594121590463183,0.9573242902657474,0.9599841303451798,0.9594991728127871,0.0011456862651461142,69,0.9603846469959727,0.9605079312895537,0.9593572778827977,0.9573829778490116,0.9599720544117043,0.9595209776858079,0.0011420431895124926,71,0.9602136342713996,0.9603411717776543,0.9591936927787176,0.9571910665250267,0.9598074771582934,0.9593494085022183,0.001150912242123756,69
171.3302538394928,4.95180308260403,5.668813848495484,0.21497887264093862,-9.936968700300605,ovr,4,scale,linear,"{'coef0': -9.936968700300605, 'decision_function_shape': 'ovr', 'degree': 4, 'gamma': 'scale', 'kernel': 'linear'}",0.9655625873263746,0.9659735349716446,0.9660968192652256,0.9629309990547815,0.9660543295113632,0.9653236540258779,0.0012112723334489087,44,0.9655209010400521,0.9659644997052051,0.966209713479308,0.9629257589151581,0.9661038144047188,0.9653449375088885,0.0012321507350813627,44,0.9655625873263746,0.9659735349716446,0.9660968192652256,0.9629309990547815,0.9660543295113632,0.9653236540258779,0.0012112723334489087,44,0.9654727493203126,0.9658883972843058,0.9660217308502053,0.9628299403226322,0.9659733757234094,0.9652372387001732,0.001219170528091961,44
496.17181091308595,17.853403734306266,42.857030153274536,2.330161737010397,-3.2809732729982404,ovo,1,scale,sigmoid,"{'coef0': -3.2809732729982404, 'decision_function_shape': 'ovo', 'degree': 1, 'gamma': 'scale', 'kernel': 'sigmoid'}",0.8248952083504562,0.830073148680858,0.8261691460507932,0.7982575103768544,0.8253811696050631,0.8209552366128049,0.011494522247887438,75,0.8289689504803321,0.8337250159390317,0.8299050195416584,0.8028365053894407,0.8297804909437791,0.8250431964588485,0.011224989488648047,75,0.8248952083504562,0.830073148680858,0.8261691460507932,0.7982575103768544,0.8253811696050631,0.8209552366128049,0.011494522247887438,75,0.8265552380012502,0.831557534426327,0.8276872532192656,0.8000950508692078,0.8271574394658393,0.822610503196378,0.011393014651451615,75
117.03290753364563,10.335443508620546,5.049159145355224,0.3100405283556504,5.622507667191915,ovo,2,auto,poly,"{'coef0': 5.622507667191915, 'decision_function_shape': 'ovo', 'degree': 2, 'gamma': 'auto', 'kernel': 'poly'}",0.9738226349963015,0.9723843182378565,0.9727952658831265,0.9708626145563638,0.9730407265852957,0.9725811120517888,0.0009788205199752296,14,0.9739400439133864,0.9725421326304381,0.972984639403247,0.9709724779867278,0.9732196173027224,0.9727317822473044,0.0009892355123821439,14,0.9738226349963015,0.9723843182378565,0.9727952658831265,0.9708626145563638,0.9730407265852957,0.9725811120517888,0.0009788205199752296,14,0.9737784723746612,0.972336757575507,0.9727492277492265,0.9708063819715014,0.9729965635795995,0.972533480650099,0.0009831141152781447,14
